buy_rank,ticker,sp_index,company_name,industry,sector,trade_date,close,pred_price_q50_t5,pred_return_q50_t5_pct,pred_price_q10_t5,pred_price_q90_t5,pred_price_q50_t1,pred_price_q50_t2,pred_price_q50_t3,pred_price_q50_t4,top_drivers
1,SABR,SP600,Sabre Corporation,Software - Infrastructure,Technology,2026-08-24,2.26,2.62,15.94,2.37,2.94,2.21,2.15,2.15,2.26,"rsi14:7.6%, close:6.6%, atr14:6.3%"
2,COTY,SP600,Coty Inc.,Household & Personal Products,Consumer Defensive,2026-08-24,2.79,3.13,12.21,2.85,3.51,2.74,2.66,2.75,2.99,"rsi14:7.2%, close:6.6%, atr14:5.7%"
3,NCLH,SP500,Norwegian Cruise Line Holdings Ltd.,Travel Services,Consumer Cyclical,2026-08-24,17.22,19.06,10.7,17.75,20.63,17.3,16.89,17.67,17.8,"rsi14:7.7%, macd_signal:7.5%, atr14:6.3%"
4,NWL,SP600,Newell Brands Inc.,Household & Personal Products,Consumer Defensive,2026-08-24,6.07,6.67,9.92,6.26,7.16,5.93,5.89,5.92,6.37,"rsi14:7.8%, close:6.8%, atr14:6.3%"
5,JBLU,SP600,JetBlue Airways Corporation,Airlines,Industrials,2026-08-24,4.95,5.43,9.72,5.09,5.84,4.88,4.78,4.89,5.24,"rsi14:7.8%, atr14:6.5%, close:6.2%"
6,CCL,SP500,Carnival Corporation Ltd.,Travel Services,Consumer Cyclical,2026-08-24,25.71,27.95,8.72,26.63,29.43,25.6,25.14,25.64,26.46,"rsi14:8.2%, atr14:7.1%, vol:4.5%"
7,KSS,SP600,Kohl's Corporation,Department Stores,Consumer Cyclical,2026-08-24,18.3,19.87,8.6,18.65,21.32,18.04,17.83,18.14,18.69,"rsi14:8.0%, atr14:6.9%, close:5.6%"
8,AESI,SP600,Atlas Energy Solutions Inc.,Oil & Gas Equipment & Services,Energy,2026-08-24,11.9,12.83,7.82,11.62,14.28,11.07,10.69,10.55,10.94,"atr14:8.8%, rsi14:7.6%, vol:4.3%"
9,EFOR,SP600,"Everforth, Inc.",Information Technology Services,Technology,2026-08-24,32.5,34.81,7.09,32.75,37.18,31.11,30.75,30.88,32.28,"rsi14:7.7%, atr14:7.1%, close:6.1%"
10,WHR,SP400,Whirlpool Corporation,"Furnishings, Fixtures & Appliances",Consumer Cyclical,2026-08-24,40.13,42.89,6.88,40.57,45.59,39.56,38.96,38.73,40.14,"rsi14:7.7%, atr14:6.9%, close:6.1%"
11,DCH,SP600,Dauch Corporation,Auto Parts,Consumer Cyclical,2026-08-24,6.46,6.87,6.37,6.33,7.5,6.37,6.26,6.11,6.08,"rsi14:8.0%, atr14:6.5%, close:5.7%"
12,CNMD,SP600,CONMED Corporation,Medical Devices,Healthcare,2026-08-24,51.49,54.76,6.35,52.06,57.87,50.55,50.51,50.94,52.53,"rsi14:7.8%, close:6.5%, atr14:6.4%"
13,TNDM,SP600,"Tandem Diabetes Care, Inc.",Medical Devices,Healthcare,2026-08-24,22.22,23.54,5.94,21.26,26.62,22.6,22.11,22.44,23.08,"rsi14:7.5%, close:6.9%, atr14:6.3%"
14,CBRL,SP600,"Cracker Barrel Old Country Store, Inc.",Restaurants,Consumer Cyclical,2026-08-24,58.02,61.43,5.88,58.07,65.26,56.36,56.44,56.78,57.87,"rsi14:8.2%, atr14:6.8%, close:4.9%"
15,ARE,SP500,"Alexandria Real Estate Equities, Inc.",REIT - Office,Real Estate,2026-08-24,54.04,57.17,5.79,55.5,58.98,52.66,52.63,54.11,56.08,"rsi14:7.9%, atr14:6.5%, close:5.0%"
16,LEG,SP600,"Leggett & Platt, Incorporated","Furnishings, Fixtures & Appliances",Consumer Cyclical,2026-08-24,9.38,9.92,5.76,9.51,10.39,9.26,9.25,9.34,9.79,"rsi14:7.9%, atr14:6.5%, close:6.3%"
17,RXO,SP600,"RXO, Inc.",Trucking,Industrials,2026-08-24,21.28,22.48,5.63,21.08,24.04,21.66,20.8,20.83,21.53,"atr14:8.9%, rsi14:7.9%, vol:4.4%"
18,MLKN,SP600,"MillerKnoll, Inc.","Furnishings, Fixtures & Appliances",Consumer Cyclical,2026-08-24,23.16,24.46,5.63,23.46,25.61,23.0,22.86,23.06,23.54,"rsi14:8.1%, atr14:7.2%, close:4.3%"
19,TRIP,SP600,"Tripadvisor, Inc.",Travel Services,Consumer Cyclical,2026-08-24,10.19,10.75,5.47,9.98,11.67,10.2,9.95,9.92,10.14,"rsi14:7.8%, close:6.8%, atr14:6.3%"
20,UAA,SP600,"Under Armour, Inc.",Apparel Manufacturing,Consumer Cyclical,2026-08-24,5.37,5.66,5.34,5.26,6.14,5.39,5.29,5.32,5.48,"rsi14:7.9%, close:6.5%, atr14:6.3%"
21,QDEL,SP600,QuidelOrtho Corporation,Medical Devices,Healthcare,2026-08-24,14.49,15.25,5.25,14.35,16.35,14.44,14.37,14.53,14.98,"rsi14:7.8%, close:7.1%, atr14:6.3%"
22,IART,SP600,Integra LifeSciences Holdings Corporation,Medical Devices,Healthcare,2026-08-24,16.69,17.53,5.06,16.67,18.55,16.65,16.62,16.69,17.01,"rsi14:8.0%, atr14:6.6%, close:6.1%"
23,VYX,SP600,NCR Voyix Corporation,Information Technology Services,Technology,2026-08-24,7.96,8.36,5.05,7.98,8.81,7.81,7.77,7.8,8.07,"rsi14:8.0%, atr14:6.8%, close:6.2%"
24,AZTA,SP600,"Azenta, Inc.",Medical Instruments & Supplies,Healthcare,2026-08-24,32.88,34.47,4.83,32.57,36.67,33.09,32.74,32.65,33.44,"rsi14:8.1%, atr14:6.4%, close:5.2%"
25,LYFT,SP600,"Lyft, Inc.",Software - Application,Technology,2026-08-24,17.68,18.49,4.6,17.29,19.84,18.07,17.65,17.67,17.77,"rsi14:7.7%, close:6.4%, atr14:6.3%"
26,AMN,SP600,"AMN Healthcare Services, Inc.",Medical Care Facilities,Healthcare,2026-08-24,34.51,36.08,4.55,34.08,38.46,34.72,34.41,34.01,35.05,"rsi14:8.0%, atr14:6.5%, vol:4.8%"
27,DXC,SP600,DXC Technology Company,Information Technology Services,Technology,2026-08-24,10.63,11.11,4.54,10.6,11.69,10.58,10.4,10.57,10.64,"rsi14:8.1%, close:6.4%, atr14:5.9%"
28,MAT,SP400,"Mattel, Inc.",Leisure,Consumer Cyclical,2026-08-24,14.82,15.49,4.52,14.76,16.33,14.55,14.51,14.49,14.97,"rsi14:7.8%, atr14:7.0%, close:5.2%"
29,MHK,SP600,"Mohawk Industries, Inc.","Furnishings, Fixtures & Appliances",Consumer Cyclical,2026-08-24,134.07,139.93,4.37,134.08,146.51,132.29,131.68,132.25,135.54,"rsi14:7.9%, atr14:7.8%, vol:4.3%"
30,HOG,SP400,"Harley-Davidson, Inc.",Recreational Vehicles,Consumer Cyclical,2026-08-24,28.29,29.48,4.21,28.09,31.07,27.73,27.68,27.81,28.32,"rsi14:8.2%, atr14:7.1%, vol:4.4%"
31,PRGO,SP600,Perrigo Company plc,Drug Manufacturers - Specialty & Generic,Healthcare,2026-08-24,14.27,14.86,4.15,14.12,15.73,14.2,14.26,14.26,14.46,"rsi14:7.7%, close:7.1%, atr14:6.3%"
32,PVH,SP400,PVH Corp.,Apparel Manufacturing,Consumer Cyclical,2026-08-24,77.03,80.23,4.15,76.24,84.68,76.46,74.94,75.4,76.25,"atr14:8.7%, rsi14:7.6%, vol:4.0%"
33,AAP,SP600,"Advance Auto Parts, Inc.",Auto Parts,Consumer Cyclical,2026-08-24,43.63,45.42,4.11,43.47,47.69,43.83,43.62,44.02,44.9,"rsi14:7.9%, atr14:7.1%, close:5.3%"
34,OKTA,SP400,"Okta, Inc.",Software - Infrastructure,Technology,2026-08-24,130.97,136.15,3.96,129.05,144.1,138.53,139.29,140.34,137.84,"rsi14:8.2%, atr14:7.7%, macd:4.6%"
35,CRI,SP600,"Carter's, Inc.",Apparel Retail,Consumer Cyclical,2026-08-24,34.33,35.66,3.87,33.72,37.85,34.45,33.98,33.95,34.05,"rsi14:8.1%, atr14:7.2%, vol:4.4%"
36,GT,SP600,The Goodyear Tire & Rubber Company,Auto Parts,Consumer Cyclical,2026-08-24,6.0,6.23,3.82,5.8,6.74,5.93,5.89,5.83,5.79,"rsi14:7.9%, close:6.4%, atr14:6.2%"
37,ASTH,SP600,"Astrana Health, Inc.",Medical Care Facilities,Healthcare,2026-08-24,38.11,39.55,3.79,36.93,42.59,40.74,40.69,40.67,40.1,"rsi14:8.3%, atr14:6.5%, close:4.7%"
38,XRAY,SP400,DENTSPLY SIRONA Inc.,Medical Instruments & Supplies,Healthcare,2026-08-24,10.89,11.29,3.68,10.86,11.76,10.82,10.91,10.9,11.09,"macd_signal:7.8%, rsi14:7.6%, close:6.5%"
39,SMCI,SP500,"Super Micro Computer, Inc.",Computer Hardware,Technology,2026-08-24,35.17,36.46,3.66,34.43,38.71,36.15,35.66,36.37,35.73,"rsi14:8.1%, atr14:7.0%, vol:4.8%"
40,VSH,SP600,"Vishay Intertechnology, Inc.",Semiconductors,Technology,2026-08-24,30.43,31.53,3.63,29.56,33.65,31.69,31.32,30.8,30.13,"atr14:8.0%, rsi14:7.8%, vol:4.3%"
41,BROS,SP400,Dutch Bros Inc.,Restaurants,Consumer Cyclical,2026-08-24,51.95,53.79,3.55,49.45,58.71,52.72,52.04,51.99,54.12,"rsi14:8.0%, atr14:7.3%, vol:4.5%"
42,APP,SP500,AppLovin Corporation,Advertising Agencies,Communication Services,2026-08-24,298.59,308.66,3.37,287.4,332.47,309.88,307.98,314.72,308.64,"atr14:9.3%, rsi14:7.8%, vol:4.3%"
43,AXON,SP500,"Axon Enterprise, Inc.",Aerospace & Defense,Industrials,2026-08-24,597.59,616.25,3.12,582.25,654.3,621.65,614.45,614.46,613.23,"atr14:9.0%, rsi14:7.9%, vol:4.4%"
44,CCOI,SP600,"Cogent Communications Holdings, Inc.",Telecom Services,Communication Services,2026-08-24,9.49,9.78,3.09,9.14,10.53,9.45,9.4,9.49,9.74,"rsi14:7.7%, atr14:7.0%, close:6.1%"
45,SMTC,SP400,Semtech Corporation,Semiconductors,Technology,2026-08-24,120.91,124.48,2.95,117.96,131.77,123.54,121.41,121.34,121.1,"atr14:9.1%, rsi14:8.0%, vol:4.6%"
46,PSKY,SP500,Paramount Skydance Corporation,Entertainment,Communication Services,2026-08-24,10.35,10.65,2.88,9.81,11.62,10.54,10.31,10.23,10.35,"rsi14:8.0%, close:7.3%, atr14:6.6%"
47,PII,SP400,Polaris Inc.,Recreational Vehicles,Consumer Cyclical,2026-08-24,64.34,66.15,2.82,62.95,69.74,63.86,63.47,63.79,64.3,"atr14:8.4%, rsi14:7.8%, vol:4.1%"
48,ROKU,SP400,"Roku, Inc.",Entertainment,Communication Services,2026-08-24,158.18,162.61,2.8,152.82,173.62,165.63,165.06,164.16,164.12,"rsi14:8.2%, atr14:5.6%, vol:4.2%"
49,PAYO,SP600,Payoneer Global Inc.,Software - Infrastructure,Technology,2026-08-24,7.11,7.29,2.57,6.98,7.65,7.32,7.3,7.27,7.29,"rsi14:7.2%, atr14:5.6%, vol:4.1%"
50,TSLA,SP500,"Tesla, Inc.",Auto Manufacturers,Consumer Cyclical,2026-08-24,348.95,357.84,2.55,333.05,385.3,361.55,358.13,360.98,361.6,"atr14:8.9%, rsi14:7.6%, vol:4.4%"
51,CRWD,SP500,"CrowdStrike Holdings, Inc.",Software - Infrastructure,Technology,2026-08-24,190.68,195.5,2.53,183.53,208.61,196.95,197.23,200.6,198.02,"atr14:9.7%, rsi14:7.8%, ema9:4.3%"
52,MAN,SP600,ManpowerGroup Inc.,Staffing & Employment Services,Industrials,2026-08-24,61.39,62.88,2.43,60.47,65.62,59.8,59.71,59.77,60.98,"rsi14:8.0%, atr14:7.3%, close:5.2%"
53,BLFS,SP600,"BioLife Solutions, Inc.",Medical Instruments & Supplies,Healthcare,2026-08-24,37.19,38.09,2.42,35.64,40.87,38.88,38.68,38.7,38.48,"rsi14:8.3%, atr14:7.6%, vol:4.3%"
54,LSCC,SP400,Lattice Semiconductor Corporation,Semiconductors,Technology,2026-08-24,114.15,116.73,2.26,109.08,125.08,118.55,118.31,118.96,116.19,"atr14:9.4%, rsi14:7.9%, vol:4.3%"
55,HE,SP600,"Hawaiian Electric Industries, Inc.",Utilities - Regulated Electric,Utilities,2026-08-24,11.41,11.66,2.21,11.29,12.07,11.37,11.42,11.42,11.65,"rsi14:7.8%, atr14:6.4%, close:6.0%"
56,DELL,SP500,Dell Technologies Inc.,Computer Hardware,Technology,2026-08-24,433.19,441.96,2.02,422.53,463.39,438.96,432.0,433.63,437.54,"atr14:9.3%, rsi14:7.7%, vol:4.2%"
57,WING,SP400,Wingstop Inc.,Restaurants,Consumer Cyclical,2026-08-24,116.84,119.09,1.92,111.76,127.17,122.62,122.43,122.39,122.34,"atr14:8.1%, rsi14:7.6%, close:4.9%"
58,P,SP400,"Everpure, Inc.",Computer Hardware,Technology,2026-08-24,100.44,102.35,1.9,97.45,107.71,103.88,103.83,104.2,103.17,"atr14:10.1%, rsi14:7.1%, ema9:4.8%"
59,SWKS,SP500,"Skyworks Solutions, Inc.",Semiconductors,Technology,2026-08-24,66.86,68.11,1.87,64.67,71.83,66.37,64.98,64.88,64.92,"atr14:8.2%, rsi14:7.9%, vol:4.6%"
60,SWK,SP500,"Stanley Black & Decker, Inc.",Tools & Accessories,Industrials,2026-08-24,98.51,100.33,1.85,97.14,103.79,98.15,96.99,97.0,96.48,"rsi14:8.3%, atr14:6.9%, macd:4.5%"
61,QLYS,SP400,"Qualys, Inc.",Software - Infrastructure,Technology,2026-08-24,178.46,181.63,1.78,171.78,192.33,188.69,189.44,189.71,185.92,"atr14:8.6%, rsi14:7.8%, ema9:4.4%"
62,CHTR,SP500,"Charter Communications, Inc.",Telecom Services,Communication Services,2026-08-24,150.3,152.94,1.76,145.51,161.25,148.27,146.72,145.6,149.34,"rsi14:7.6%, atr14:6.9%, close:6.2%"
63,SITM,SP400,SiTime Corporation,Semiconductors,Technology,2026-08-24,580.97,590.76,1.69,547.3,638.44,594.51,578.16,563.79,559.86,"atr14:9.3%, rsi14:7.9%, vol:4.6%"
64,RMBS,SP400,Rambus Inc.,Semiconductors,Technology,2026-08-24,87.07,88.53,1.68,82.55,95.05,89.32,87.77,87.49,85.38,"atr14:8.9%, rsi14:7.9%, vol:4.4%"
65,POWI,SP600,"Power Integrations, Inc.",Semiconductors,Technology,2026-08-24,53.18,54.06,1.66,51.27,57.1,53.88,52.7,52.74,52.56,"atr14:9.4%, rsi14:7.7%, vol:4.4%"
66,FMC,SP600,FMC Corporation,Agricultural Inputs,Basic Materials,2026-08-24,11.28,11.47,1.66,10.93,12.07,11.16,11.05,10.95,11.03,"rsi14:7.8%, close:7.1%, atr14:6.4%"
67,DV,SP600,"DoubleVerify Holdings, Inc.",Advertising Agencies,Communication Services,2026-08-24,13.3,13.52,1.63,12.89,14.26,13.43,13.41,13.37,13.49,"rsi14:8.0%, close:6.8%, atr14:6.3%"
68,CARR,SP500,Carrier Global Corporation,Building Products & Equipment,Industrials,2026-08-24,59.97,60.94,1.63,58.68,63.44,61.18,60.37,60.37,60.5,"atr14:9.3%, rsi14:7.7%, vol:4.5%"
69,VFC,SP400,V.F. Corporation,Apparel Manufacturing,Consumer Cyclical,2026-08-24,14.31,14.54,1.61,13.8,15.37,14.03,13.98,14.05,14.35,"rsi14:7.9%, atr14:6.6%, close:6.2%"
70,STX,SP500,Seagate Technology Holdings plc,Computer Hardware,Technology,2026-08-24,794.65,807.44,1.61,760.58,858.69,835.59,838.32,833.45,812.55,"atr14:9.0%, rsi14:7.8%, vol:4.2%"
71,PENG,SP600,"Penguin Solutions, Inc.",Information Technology Services,Technology,2026-08-24,50.68,51.49,1.61,48.35,54.93,52.69,52.71,52.39,51.53,"atr14:8.7%, rsi14:7.8%, vol:4.8%"
72,VAC,SP600,Marriott Vacations Worldwide Corporation,Resorts & Casinos,Consumer Cyclical,2026-08-24,114.35,116.16,1.58,111.12,121.71,114.5,113.76,112.94,114.45,"rsi14:8.3%, atr14:7.5%, vol:4.4%"
73,FOXF,SP600,Fox Factory Holding Corp.,Auto Parts,Consumer Cyclical,2026-08-24,21.65,21.99,1.56,20.93,23.21,21.46,21.29,21.3,21.55,"rsi14:7.3%, atr14:5.3%, vol:4.1%"
74,MU,SP500,"Micron Technology, Inc.",Semiconductors,Technology,2026-08-24,910.43,924.58,1.55,865.62,988.46,957.51,963.57,945.9,919.5,"atr14:9.2%, rsi14:7.8%, vol:4.9%"
75,IIPR,SP600,"Innovative Industrial Properties, Inc.",REIT - Industrial,Real Estate,2026-08-24,56.8,57.63,1.47,54.74,60.81,58.73,58.86,58.37,58.28,"rsi14:7.5%, atr14:5.8%, vol:4.2%"
76,GKOS,SP600,Glaukos Corporation,Medical Devices,Healthcare,2026-08-24,185.65,188.28,1.42,177.98,199.56,190.27,189.36,189.96,190.31,"atr14:9.8%, rsi14:7.2%, vol:3.9%"
77,SDGR,SP600,"Schrödinger, Inc.",Health Information Services,Healthcare,2026-08-24,18.77,19.04,1.41,17.8,20.55,19.43,19.37,19.35,19.33,"rsi14:7.9%, close:7.0%, atr14:6.3%"
78,BOOT,SP600,"Boot Barn Holdings, Inc.",Apparel Retail,Consumer Cyclical,2026-08-24,161.81,164.08,1.4,154.67,174.33,164.97,164.49,162.81,162.81,"atr14:10.3%, rsi14:7.1%, vol:4.1%"
79,DDOG,SP500,"Datadog, Inc.",Software - Application,Technology,2026-08-24,225.77,228.89,1.38,214.33,244.89,234.94,231.28,232.59,225.83,"atr14:8.8%, rsi14:7.9%, vol:4.1%"
80,SLG,SP600,SL Green Realty Corp.,REIT - Office,Real Estate,2026-08-24,58.57,59.37,1.37,57.52,61.42,57.12,56.98,57.2,57.7,"rsi14:7.9%, atr14:6.7%, macd:4.4%"
81,IRDM,SP600,Iridium Communications Inc.,Telecom Services,Communication Services,2026-08-24,47.3,47.95,1.37,45.7,50.41,48.22,47.84,48.2,48.22,"atr14:9.4%, rsi14:7.7%, vol:4.2%"
82,CRL,SP500,"Charles River Laboratories International, Inc.",Diagnostics & Research,Healthcare,2026-08-24,298.58,302.65,1.36,293.34,312.96,304.1,302.63,302.26,303.99,"atr14:8.4%, rsi14:7.9%, close:4.3%"
83,FIX,SP500,"Comfort Systems USA, Inc.",Engineering & Construction,Industrials,2026-08-24,1609.69,1630.23,1.28,1557.38,1708.97,1649.4,1632.05,1633.02,1634.71,"atr14:9.6%, rsi14:7.5%, ema9:4.5%"
84,INSP,SP600,"Inspire Medical Systems, Inc.",Medical Devices,Healthcare,2026-08-24,61.47,62.25,1.27,58.86,66.01,63.31,62.93,63.11,63.32,"rsi14:8.0%, close:6.9%, atr14:6.0%"
85,AOSL,SP600,Alpha and Omega Semiconductor Limited,Semiconductors,Technology,2026-08-24,25.89,26.21,1.24,24.35,28.29,26.8,26.12,25.76,25.44,"atr14:8.9%, rsi14:7.8%, vol:4.6%"
86,AVGO,SP500,Broadcom Inc.,Semiconductors,Technology,2026-08-24,358.76,363.18,1.23,348.98,378.61,364.78,366.29,366.9,362.53,"atr14:9.4%, rsi14:7.2%, ema9:5.2%"
87,CNXC,SP600,Concentrix Corporation,Information Technology Services,Technology,2026-08-24,26.03,26.35,1.23,25.08,27.76,25.93,25.84,25.71,25.73,"rsi14:7.8%, close:6.5%, atr14:6.2%"
88,PTON,SP600,"Peloton Interactive, Inc.",Leisure,Consumer Cyclical,2026-08-24,5.36,5.43,1.22,4.98,5.93,5.56,5.37,5.32,5.34,"rsi14:7.9%, close:7.1%, atr14:6.4%"
89,CDNS,SP500,"Cadence Design Systems, Inc.",Software - Application,Technology,2026-08-24,315.92,319.77,1.22,308.58,331.99,322.64,322.67,322.88,319.18,"atr14:10.0%, rsi14:7.0%, ema9:5.5%"
90,AGYS,SP600,"Agilysys, Inc.",Software - Application,Technology,2026-08-24,113.82,115.18,1.19,109.62,121.25,116.42,114.31,114.1,114.4,"atr14:9.1%, rsi14:7.5%, vol:4.3%"
91,QCOM,SP500,QUALCOMM Incorporated,Semiconductors,Technology,2026-08-24,158.53,160.42,1.19,154.61,166.79,160.87,157.28,158.1,157.07,"atr14:9.3%, rsi14:7.7%, vol:4.3%"
92,TREX,SP400,"Trex Company, Inc.",Building Products & Equipment,Industrials,2026-08-24,47.27,47.81,1.14,45.56,50.28,48.79,48.62,48.46,48.62,"rsi14:7.7%, atr14:7.4%, vol:4.3%"
93,TWLO,SP400,Twilio Inc.,Software - Infrastructure,Technology,2026-08-24,222.59,225.12,1.14,211.37,239.96,233.97,233.19,235.51,230.26,"rsi14:8.1%, atr14:7.6%, vol:4.2%"
94,BAX,SP500,Baxter International Inc.,Medical Instruments & Supplies,Healthcare,2026-08-24,26.49,26.79,1.13,26.03,27.64,26.17,26.16,26.35,26.58,"rsi14:8.1%, atr14:6.4%, close:6.2%"
95,NOW,SP500,"ServiceNow, Inc.",Software - Application,Technology,2026-08-24,128.05,129.45,1.09,123.82,135.54,131.15,128.22,130.54,128.82,"atr14:8.4%, rsi14:7.7%, vol:4.9%"
96,SAIA,SP400,"Saia, Inc.",Trucking,Industrials,2026-08-24,349.54,353.33,1.08,336.11,372.12,358.64,353.45,350.59,353.57,"atr14:8.7%, rsi14:7.1%, ema9:5.3%"
97,CIEN,SP500,Ciena Corporation,Communication Equipment,Technology,2026-08-24,371.95,375.83,1.04,357.45,395.71,373.38,364.9,368.24,368.67,"atr14:8.9%, rsi14:7.8%, vol:4.4%"
98,HTLD,SP600,"Heartland Express, Inc.",Trucking,Industrials,2026-08-24,12.51,12.64,1.04,12.05,13.29,12.37,12.33,12.33,12.49,"rsi14:7.7%, atr14:7.5%, vol:4.5%"
99,NSIT,SP600,"Insight Enterprises, Inc.",Electronics & Computer Distribution,Technology,2026-08-24,145.29,146.8,1.04,140.42,153.81,146.58,145.33,145.12,145.41,"atr14:8.9%, rsi14:7.6%, vol:4.1%"
100,DLTR,SP500,"Dollar Tree, Inc.",Discount Stores,Consumer Defensive,2026-08-24,136.75,138.17,1.04,132.87,144.14,138.97,138.09,137.88,137.89,"atr14:8.5%, rsi14:7.6%, ema9:4.8%"
101,SN,SP400,"SharkNinja, Inc.","Furnishings, Fixtures & Appliances",Consumer Cyclical,2026-08-24,182.99,184.8,0.99,175.75,194.6,187.44,186.84,186.26,187.8,"atr14:9.1%, rsi14:7.3%, ema9:5.0%"
102,GDDY,SP500,GoDaddy Inc.,Software - Infrastructure,Technology,2026-08-24,100.52,101.5,0.98,97.22,106.15,102.42,100.27,101.74,101.54,"atr14:8.5%, rsi14:8.0%, close:4.5%"
103,ABR,SP600,"Arbor Realty Trust, Inc.",REIT - Mortgage,Real Estate,2026-08-24,5.25,5.3,0.95,5.07,5.55,5.18,5.15,5.2,5.26,"rsi14:7.8%, atr14:7.6%, vol:4.5%"
104,DT,SP400,"Dynatrace, Inc.",Software - Application,Technology,2026-08-24,49.05,49.51,0.93,47.52,51.65,50.78,50.19,50.01,49.8,"rsi14:8.0%, atr14:6.9%, vol:4.7%"
105,KMX,SP600,"CarMax, Inc.",Auto & Truck Dealerships,Consumer Cyclical,2026-08-24,62.8,63.38,0.93,60.79,66.28,63.61,62.78,62.98,63.1,"rsi14:8.1%, atr14:6.9%, vol:4.3%"
106,YETI,SP400,"YETI Holdings, Inc.",Leisure,Consumer Cyclical,2026-08-24,43.08,43.48,0.93,41.59,45.53,44.31,43.84,43.54,44.11,"rsi14:8.0%, atr14:7.0%, vol:4.1%"
107,LZ,SP600,"LegalZoom.com, Inc.",Specialty Business Services,Industrials,2026-08-24,6.0,6.05,0.91,5.67,6.49,5.94,5.86,5.91,5.89,"rsi14:8.0%, close:6.0%, atr14:6.0%"
108,A,SP500,"Agilent Technologies, Inc.",Diagnostics & Research,Healthcare,2026-08-24,153.43,154.79,0.89,150.51,159.51,155.47,153.3,153.62,153.37,"atr14:10.0%, rsi14:7.0%, ema9:4.7%"
109,PSN,SP400,Parsons Corporation,Information Technology Services,Technology,2026-08-24,48.81,49.24,0.88,47.32,51.32,48.32,47.47,47.94,48.33,"atr14:8.6%, rsi14:7.7%, vol:4.2%"
110,DOCN,SP400,"DigitalOcean Holdings, Inc.",Software - Infrastructure,Technology,2026-08-24,111.54,112.51,0.87,103.87,121.89,115.54,113.27,117.81,110.27,"atr14:9.3%, rsi14:8.0%, vol:4.7%"
111,DECK,SP500,Deckers Outdoor Corporation,Footwear & Accessories,Consumer Cyclical,2026-08-24,92.08,92.88,0.87,88.95,97.11,92.41,90.91,90.22,91.43,"atr14:8.0%, rsi14:7.7%, vol:4.3%"
112,GPK,SP400,Graphic Packaging Holding Company,Packaging & Containers,Consumer Cyclical,2026-08-24,11.45,11.55,0.85,11.11,12.03,11.27,11.24,11.26,11.25,"atr14:8.1%, rsi14:7.2%, vol:4.2%"
113,TECH,SP500,Bio-Techne Corporation,Biotechnology,Healthcare,2026-08-24,72.39,73.01,0.85,71.01,75.21,74.23,73.92,73.67,73.18,"rsi14:7.3%, atr14:7.1%, vol:4.1%"
114,PINS,SP400,"Pinterest, Inc.",Internet Content & Information,Communication Services,2026-08-24,23.47,23.67,0.83,22.5,24.94,24.22,23.93,23.82,23.82,"rsi14:8.0%, atr14:6.0%, vol:4.5%"
115,ODFL,SP500,"Old Dominion Freight Line, Inc.",Trucking,Industrials,2026-08-24,201.48,203.12,0.81,196.04,210.82,203.82,198.55,198.8,201.17,"atr14:9.9%, rsi14:6.9%, ema9:5.5%"
116,SNEX,SP600,StoneX Group Inc.,Capital Markets,Financial Services,2026-08-24,67.75,68.3,0.81,65.44,71.39,69.0,68.36,68.16,68.83,"atr14:9.3%, rsi14:7.2%, vol:5.0%"
117,DXCM,SP500,"DexCom, Inc.",Medical Devices,Healthcare,2026-08-24,91.06,91.78,0.79,87.8,96.12,93.26,93.23,92.74,92.58,"atr14:7.8%, rsi14:6.6%, ema9:4.3%"
118,FICO,SP500,Fair Isaac Corporation,Software - Application,Technology,2026-08-24,1166.4,1175.44,0.77,1131.47,1222.65,1180.78,1162.19,1171.25,1174.19,"atr14:8.7%, rsi14:7.7%, vol:4.0%"
119,NTNX,SP400,"Nutanix, Inc.",Software - Infrastructure,Technology,2026-08-24,66.68,67.17,0.73,63.86,70.76,68.0,67.33,67.35,67.41,"rsi14:7.8%, atr14:7.7%, ema9:4.4%"
120,PANW,SP500,"Palo Alto Networks, Inc.",Software - Infrastructure,Technology,2026-08-24,350.9,353.37,0.71,335.4,372.58,366.44,367.87,367.96,361.28,"rsi14:8.1%, atr14:6.7%, macd:4.8%"
121,EFX,SP500,Equifax Inc.,Consulting Services,Industrials,2026-08-24,194.63,195.96,0.68,189.97,202.53,195.38,191.91,193.75,194.09,"atr14:9.0%, rsi14:7.7%, vol:4.2%"
122,GEHC,SP500,GE HealthCare Technologies Inc.,Medical Devices,Healthcare,2026-08-24,74.19,74.69,0.67,71.26,78.41,73.41,72.4,72.17,72.42,"rsi14:7.9%, atr14:6.9%, close:5.8%"
123,SPSC,SP600,"SPS Commerce, Inc.",Software - Application,Technology,2026-08-24,81.35,81.88,0.65,78.44,85.64,82.7,82.1,81.77,81.85,"rsi14:7.6%, atr14:7.4%, vol:4.7%"
124,MBC,SP600,"MasterBrand, Inc.","Furnishings, Fixtures & Appliances",Consumer Cyclical,2026-08-24,9.32,9.38,0.65,8.95,9.85,9.29,9.09,9.12,9.19,"rsi14:8.0%, atr14:7.3%, close:5.4%"
125,DUOL,SP400,"Duolingo, Inc.",Software - Application,Technology,2026-08-24,146.84,147.77,0.63,138.59,157.84,153.72,153.8,153.92,152.68,"rsi14:8.0%, atr14:6.6%, close:5.9%"
126,BLKB,SP600,"Blackbaud, Inc.",Software - Application,Technology,2026-08-24,48.07,48.37,0.62,45.72,51.3,47.19,46.52,46.64,47.24,"rsi14:7.8%, atr14:7.1%, close:5.4%"
127,GO,SP600,Grocery Outlet Holding Corp.,Grocery Stores,Consumer Defensive,2026-08-24,12.04,12.11,0.61,11.43,12.98,12.31,12.28,12.2,12.13,"rsi14:6.6%, atr14:5.1%, ema20:4.5%"
128,ORCL,SP500,Oracle Corporation,Software - Infrastructure,Technology,2026-08-24,142.45,143.3,0.6,138.5,148.53,142.53,140.41,140.9,141.98,"atr14:8.2%, rsi14:7.9%, vol:4.5%"
129,CNM,SP400,"Core & Main, Inc.",Industrial Distribution,Industrials,2026-08-24,44.39,44.65,0.6,43.15,46.27,44.66,44.27,44.2,44.3,"atr14:8.6%, rsi14:7.2%, ema9:4.8%"
130,WMG,SP400,Warner Music Group Corp.,Entertainment,Communication Services,2026-08-24,27.76,27.92,0.57,26.54,29.4,28.12,27.61,27.61,27.8,"atr14:7.8%, rsi14:7.3%, vol:4.2%"
131,TRU,SP400,TransUnion,Financial Data & Stock Exchanges,Financial Services,2026-08-24,84.87,85.35,0.57,82.53,88.42,85.74,83.89,84.9,85.29,"rsi14:8.2%, atr14:8.0%, vol:4.4%"
132,GTM,SP600,ZoomInfo Technologies Inc.,Software - Application,Technology,2026-08-24,3.9,3.92,0.57,3.72,4.16,3.91,3.86,3.84,3.9,"rsi14:7.8%, close:6.2%, atr14:5.9%"
133,EAT,SP600,"Brinker International, Inc.",Restaurants,Consumer Cyclical,2026-08-24,253.94,255.3,0.54,244.76,266.75,256.12,254.87,255.07,257.06,"atr14:8.8%, rsi14:7.5%, vol:4.0%"
134,PRGS,SP600,Progress Software Corporation,Software - Infrastructure,Technology,2026-08-24,43.42,43.64,0.51,42.08,45.35,42.76,42.35,42.55,42.89,"atr14:8.2%, rsi14:7.7%, close:4.6%"
135,PRKS,SP600,United Parks & Resorts Inc.,Leisure,Consumer Cyclical,2026-08-24,44.77,45.0,0.51,42.86,47.28,44.46,43.86,43.82,44.19,"atr14:8.3%, rsi14:7.9%, ema9:4.3%"
136,DBX,SP400,"Dropbox, Inc.",Software - Infrastructure,Technology,2026-08-24,34.88,35.05,0.49,33.59,36.62,35.76,35.47,35.31,35.27,"rsi14:7.8%, atr14:6.7%, ema9:4.8%"
137,WDC,SP500,Western Digital Corporation,Computer Hardware,Technology,2026-08-24,435.38,437.5,0.49,408.13,469.58,453.81,454.85,454.11,447.41,"atr14:8.8%, rsi14:7.7%, vol:4.4%"
138,MTN,SP400,"Vail Resorts, Inc.",Resorts & Casinos,Consumer Cyclical,2026-08-24,150.0,150.73,0.49,145.0,156.94,151.29,149.42,149.82,149.7,"rsi14:8.2%, atr14:7.4%, vol:4.5%"
139,OI,SP600,"O-I Glass, Inc.",Packaging & Containers,Consumer Cyclical,2026-08-24,7.25,7.28,0.48,6.8,7.83,7.47,7.48,7.34,7.43,"rsi14:7.8%, close:6.7%, atr14:6.4%"
140,COKE,SP400,"Coca-Cola Consolidated, Inc.",Beverages - Non-Alcoholic,Consumer Defensive,2026-08-24,192.6,193.53,0.48,184.87,202.99,195.0,191.59,191.19,193.07,"atr14:9.3%, rsi14:7.5%, ema9:4.6%"
141,EYE,SP600,"National Vision Holdings, Inc.",Specialty Retail,Consumer Cyclical,2026-08-24,18.23,18.31,0.43,17.32,19.41,18.33,18.22,18.29,18.26,"rsi14:8.0%, atr14:6.8%, close:5.4%"
142,PI,SP600,"Impinj, Inc.",Semiconductors,Technology,2026-08-24,161.01,161.71,0.43,152.27,171.86,164.69,162.06,161.06,161.2,"atr14:8.9%, rsi14:7.5%, ema9:4.4%"
143,BL,SP600,"BlackLine, Inc.",Software - Application,Technology,2026-08-24,31.98,32.12,0.43,30.27,34.14,32.18,31.61,31.54,31.45,"rsi14:7.9%, close:6.4%, atr14:6.3%"
144,LITE,SP500,Lumentum Holdings Inc.,Communication Equipment,Technology,2026-08-24,830.17,833.69,0.42,788.0,882.95,836.89,826.43,827.53,829.9,"atr14:9.8%, rsi14:7.4%, vol:4.6%"
145,FDS,SP500,FactSet Research Systems Inc.,Financial Data & Stock Exchanges,Financial Services,2026-08-24,305.31,306.59,0.42,297.37,316.57,303.59,298.69,301.19,301.77,"atr14:8.9%, rsi14:7.4%, vol:4.4%"
146,H,SP400,Hyatt Hotels Corporation,Lodging,Consumer Cyclical,2026-08-24,180.09,180.84,0.41,174.84,187.26,182.23,178.95,178.96,181.02,"atr14:9.5%, rsi14:7.0%, ema9:5.6%"
147,ADP,SP500,"Automatic Data Processing, Inc.",Software - Application,Technology,2026-08-24,283.01,284.11,0.39,277.15,291.68,287.39,284.14,283.28,284.22,"atr14:9.4%, rsi14:6.9%, ema9:5.2%"
148,IT,SP500,"Gartner, Inc.",Information Technology Services,Technology,2026-08-24,202.78,203.54,0.37,196.98,210.6,199.67,196.83,198.34,199.0,"atr14:7.7%, rsi14:7.6%, close:5.1%"
149,XPO,SP400,"XPO, Inc.",Trucking,Industrials,2026-08-24,191.99,192.68,0.36,183.98,201.98,193.13,189.31,188.56,192.14,"atr14:9.8%, rsi14:6.8%, ema9:5.6%"
150,CNK,SP600,"Cinemark Holdings, Inc.",Entertainment,Communication Services,2026-08-24,38.4,38.54,0.35,36.68,40.52,38.82,38.4,37.92,38.45,"rsi14:7.9%, atr14:7.1%, ema9:4.6%"
151,TDG,SP500,TransDigm Group Incorporated,Aerospace & Defense,Industrials,2026-08-24,1199.08,1203.15,0.34,1161.72,1247.42,1218.32,1195.81,1193.06,1200.83,"atr14:9.5%, rsi14:6.9%, ema9:5.5%"
152,VVV,SP400,Valvoline Inc.,Auto & Truck Dealerships,Consumer Cyclical,2026-08-24,33.37,33.48,0.34,32.35,34.7,33.7,33.21,33.23,33.45,"atr14:9.8%, rsi14:7.4%, vol:4.2%"
153,INTC,SP500,Intel Corporation,Semiconductors,Technology,2026-08-24,87.26,87.55,0.33,83.66,91.76,88.81,87.38,87.15,87.43,"atr14:9.4%, rsi14:7.8%, vol:4.7%"
154,PJT,SP600,PJT Partners Inc.,Capital Markets,Financial Services,2026-08-24,176.41,176.99,0.33,170.59,183.85,177.56,175.63,175.63,176.25,"atr14:9.8%, rsi14:7.1%, ema9:5.4%"
155,CPB,SP600,The Campbell's Company,Packaged Foods,Consumer Defensive,2026-08-24,24.16,24.24,0.31,23.44,25.04,23.84,23.93,23.92,24.12,"rsi14:7.8%, atr14:6.8%, close:6.0%"
156,FG,SP600,"F&G Annuities & Life, Inc.",Insurance - Life,Financial Services,2026-08-24,23.12,23.19,0.3,22.04,24.45,23.45,23.24,23.16,23.27,"rsi14:8.0%, atr14:6.9%, vol:4.4%"
157,AHCO,SP600,AdaptHealth Corp.,Medical Devices,Healthcare,2026-08-24,5.63,5.65,0.29,5.23,6.23,5.67,5.63,5.62,5.69,"rsi14:7.7%, atr14:6.8%, close:6.3%"
158,VRSK,SP500,"Verisk Analytics, Inc.",Consulting Services,Industrials,2026-08-24,189.55,190.09,0.29,184.13,196.53,192.67,188.8,188.92,189.56,"atr14:9.4%, rsi14:7.3%, ema9:4.5%"
159,GWRE,SP400,"Guidewire Software, Inc.",Software - Application,Technology,2026-08-24,191.89,192.43,0.28,184.35,201.09,196.39,190.67,193.29,191.98,"atr14:8.4%, rsi14:7.7%, macd_signal:4.9%"
160,RVTY,SP500,"Revvity, Inc.",Diagnostics & Research,Healthcare,2026-08-24,123.0,123.31,0.25,119.06,127.85,126.58,126.33,125.8,124.11,"atr14:9.0%, rsi14:7.6%, vol:4.3%"
161,INTU,SP500,Intuit Inc.,Software - Application,Technology,2026-08-24,369.92,370.84,0.25,358.42,384.22,371.34,362.46,366.44,366.8,"atr14:8.1%, rsi14:7.6%, close:5.2%"
162,VIRT,SP600,"Virtu Financial, Inc.",Capital Markets,Financial Services,2026-08-24,66.29,66.45,0.24,63.39,69.78,67.15,67.04,66.68,66.75,"atr14:9.5%, rsi14:7.4%, ema9:5.1%"
163,BOX,SP600,"Box, Inc.",Software - Infrastructure,Technology,2026-08-24,32.88,32.96,0.23,31.58,34.44,33.48,33.3,33.19,33.2,"atr14:9.7%, rsi14:7.4%, ema9:4.8%"
164,FND,SP400,"Floor & Decor Holdings, Inc.",Home Improvement Retail,Consumer Cyclical,2026-08-24,54.87,55.0,0.23,51.94,58.3,56.29,56.24,56.31,56.12,"rsi14:8.0%, atr14:7.6%, vol:4.5%"
165,VEEV,SP500,Veeva Systems Inc.,Health Information Services,Healthcare,2026-08-24,248.46,249.04,0.23,239.41,259.28,255.75,254.51,253.59,250.91,"atr14:8.8%, rsi14:7.2%, ema9:4.7%"
166,IQV,SP500,IQVIA Holdings Inc.,Diagnostics & Research,Healthcare,2026-08-24,260.24,260.8,0.21,252.61,269.59,264.54,263.03,262.59,261.7,"atr14:9.1%, rsi14:7.5%, ema9:4.6%"
167,WWW,SP600,"Wolverine World Wide, Inc.",Footwear & Accessories,Consumer Cyclical,2026-08-24,20.87,20.91,0.21,19.96,21.95,20.6,20.37,20.39,20.43,"rsi14:8.0%, atr14:7.9%, vol:4.4%"
168,JBGS,SP600,JBG SMITH Properties,REIT - Diversified,Real Estate,2026-08-24,12.5,12.53,0.2,11.84,13.27,12.5,12.4,12.14,12.19,"rsi14:8.1%, atr14:6.1%, close:4.8%"
169,EL,SP500,The Estée Lauder Companies Inc.,Household & Personal Products,Consumer Defensive,2026-08-24,104.13,104.32,0.18,100.89,108.06,102.93,102.49,102.62,103.28,"rsi14:7.7%, atr14:6.9%, close:4.9%"
170,MORN,SP400,"Morningstar, Inc.",Financial Data & Stock Exchanges,Financial Services,2026-08-24,217.5,217.86,0.16,210.47,225.76,218.18,214.4,215.45,216.74,"atr14:8.9%, rsi14:7.6%, vol:4.4%"
171,GFF,SP600,Griffon Corporation,Building Products & Equipment,Industrials,2026-08-24,101.38,101.53,0.15,97.64,105.67,104.12,101.85,101.26,101.47,"atr14:10.4%, rsi14:6.5%, ema9:5.4%"
172,PAYX,SP500,"Paychex, Inc.",Software - Application,Technology,2026-08-24,126.01,126.19,0.14,123.17,129.43,127.84,125.88,125.96,126.21,"atr14:8.7%, rsi14:7.1%, ema9:5.0%"
173,CDW,SP500,CDW Corporation,Information Technology Services,Technology,2026-08-24,132.51,132.69,0.14,127.94,137.75,134.78,130.96,131.67,131.38,"atr14:9.8%, rsi14:7.2%, vol:3.9%"
174,HPQ,SP500,HP Inc.,Computer Hardware,Technology,2026-08-24,28.58,28.62,0.13,27.71,29.6,28.48,27.94,28.17,28.13,"atr14:8.9%, rsi14:7.8%, vol:4.3%"
175,HOOD,SP500,"Robinhood Markets, Inc.",Capital Markets,Financial Services,2026-08-24,103.62,103.76,0.13,97.25,110.74,102.77,100.75,101.22,101.32,"atr14:8.9%, rsi14:8.0%, vol:4.4%"
176,LW,SP600,"Lamb Weston Holdings, Inc.",Packaged Foods,Consumer Defensive,2026-08-24,54.8,54.86,0.11,52.93,56.97,54.99,54.65,54.55,54.76,"rsi14:8.2%, atr14:6.6%, close:4.5%"
177,WTS,SP400,"Watts Water Technologies, Inc.",Specialty Industrial Machinery,Industrials,2026-08-24,372.8,373.15,0.1,363.22,383.76,380.69,375.08,373.18,372.46,"atr14:9.7%, rsi14:6.8%, ema9:5.4%"
178,CVCO,SP600,"Cavco Industries, Inc.",Residential Construction,Consumer Cyclical,2026-08-24,582.54,583.02,0.08,557.99,609.75,584.74,578.49,574.86,579.19,"atr14:9.4%, rsi14:6.4%, ema9:5.4%"
179,HAE,SP400,Haemonetics Corporation,Medical Devices,Healthcare,2026-08-24,108.4,108.49,0.08,104.68,112.61,107.76,107.07,107.14,108.01,"rsi14:8.2%, atr14:6.9%, macd:4.5%"
180,KTB,SP600,"Kontoor Brands, Inc.",Apparel Manufacturing,Consumer Cyclical,2026-08-24,83.23,83.3,0.08,78.85,88.07,82.08,80.02,79.01,80.38,"atr14:8.8%, rsi14:8.0%, vol:4.3%"
181,WDAY,SP500,"Workday, Inc.",Software - Application,Technology,2026-08-24,199.15,199.3,0.07,191.15,208.01,202.07,197.4,199.34,198.85,"atr14:8.6%, rsi14:7.9%, vol:4.5%"
182,FIS,SP500,"Fidelity National Information Services, Inc.",Information Technology Services,Technology,2026-08-24,41.4,41.43,0.07,39.93,43.05,40.51,40.28,40.21,40.22,"rsi14:8.1%, atr14:6.3%, vol:4.5%"
183,ELF,SP400,"e.l.f. Beauty, Inc.",Household & Personal Products,Consumer Defensive,2026-08-24,105.95,106.02,0.06,100.0,112.57,105.27,104.05,102.94,103.75,"rsi14:8.2%, atr14:7.0%, vol:4.7%"
184,CART,SP400,Maplebear Inc.,Internet Retail,Consumer Cyclical,2026-08-24,51.78,51.81,0.06,49.96,53.79,52.05,51.13,51.0,51.66,"atr14:9.2%, rsi14:7.0%, ema9:4.7%"
185,BILL,SP400,"BILL Holdings, Inc.",Software - Application,Technology,2026-08-24,48.16,48.19,0.06,45.75,50.83,48.43,47.11,45.44,47.35,"rsi14:8.0%, atr14:5.7%, close:4.5%"
186,MEDP,SP400,"Medpace Holdings, Inc.",Diagnostics & Research,Healthcare,2026-08-24,620.03,620.4,0.06,595.03,647.41,628.25,623.52,622.2,624.16,"atr14:9.2%, rsi14:7.4%, ema9:5.2%"
187,HRB,SP400,"H&R Block, Inc.",Personal Services,Consumer Cyclical,2026-08-24,53.68,53.71,0.05,51.56,56.05,54.14,53.6,53.59,53.73,"atr14:9.0%, rsi14:7.2%, ema9:4.5%"
188,AKAM,SP500,"Akamai Technologies, Inc.",Software - Infrastructure,Technology,2026-08-24,105.66,105.71,0.05,101.07,110.71,103.89,102.61,103.14,103.37,"atr14:9.2%, rsi14:7.6%, vol:4.3%"
189,CAKE,SP600,The Cheesecake Factory Incorporated,Restaurants,Consumer Cyclical,2026-08-24,114.61,114.66,0.05,110.03,119.64,115.71,115.23,114.99,115.55,"atr14:9.3%, rsi14:7.1%, ema9:4.5%"
190,ATEN,SP600,"A10 Networks, Inc.",Software - Infrastructure,Technology,2026-08-24,25.23,25.24,0.04,23.7,26.9,26.29,26.13,25.96,25.94,"atr14:9.8%, rsi14:7.1%, ema9:5.3%"
191,TMO,SP500,Thermo Fisher Scientific Inc.,Diagnostics & Research,Healthcare,2026-08-24,628.74,628.97,0.04,611.73,647.67,641.73,636.97,631.92,629.64,"atr14:9.8%, rsi14:6.7%, ema9:5.2%"
192,RHI,SP600,Robert Half Inc.,Staffing & Employment Services,Industrials,2026-08-24,45.12,45.13,0.03,43.54,46.86,44.17,44.08,44.31,44.57,"rsi14:7.8%, atr14:7.6%, close:5.3%"
193,ADEA,SP600,Adeia Inc.,Software - Application,Technology,2026-08-24,26.28,26.29,0.03,24.88,27.79,26.42,26.31,26.32,26.55,"atr14:9.5%, rsi14:7.1%, ema9:5.2%"
194,VCTR,SP600,"Victory Capital Holdings, Inc.",Asset Management,Financial Services,2026-08-24,116.0,116.03,0.02,111.79,120.52,116.57,116.02,115.34,115.84,"atr14:10.0%, rsi14:7.3%, ema9:5.1%"
195,NTAP,SP500,"NetApp, Inc.",Software - Infrastructure,Technology,2026-08-24,186.86,186.9,0.02,179.41,194.89,191.47,189.15,187.85,186.03,"atr14:9.8%, rsi14:7.5%, ema9:4.2%"
196,ARMK,SP400,Aramark,Specialty Business Services,Industrials,2026-08-24,59.28,59.29,0.02,57.68,61.0,59.9,59.27,59.0,59.39,"rsi14:7.2%, atr14:7.2%, ema9:5.8%"
197,AMR,SP600,"Alpha Metallurgical Resources, Inc.",Coking Coal,Basic Materials,2026-08-24,209.93,209.96,0.01,191.91,229.76,201.93,195.46,195.21,197.0,"rsi14:8.0%, atr14:7.8%, close:4.9%"
198,PKG,SP500,Packaging Corporation of America,Packaging & Containers,Consumer Cyclical,2026-08-24,248.88,248.91,0.01,241.48,256.87,250.56,246.41,246.77,246.9,"atr14:10.3%, rsi14:6.7%, ema9:5.5%"
199,NSP,SP600,"Insperity, Inc.",Staffing & Employment Services,Industrials,2026-08-24,52.14,52.15,0.01,50.03,54.41,51.79,51.02,51.15,51.11,"atr14:8.0%, rsi14:7.9%, close:4.9%"
200,AMCR,SP500,Amcor plc,Packaging & Containers,Consumer Cyclical,2026-08-24,47.91,47.91,0.01,46.64,49.27,48.07,47.84,47.87,47.67,"rsi14:8.3%, atr14:7.3%, macd:4.4%"
201,PFGC,SP400,Performance Food Group Company,Food Distribution,Consumer Defensive,2026-08-24,105.78,105.79,0.01,102.11,109.7,106.18,105.68,105.56,105.99,"atr14:8.6%, rsi14:7.1%, ema9:5.7%"
202,WST,SP500,"West Pharmaceutical Services, Inc.",Medical Instruments & Supplies,Healthcare,2026-08-24,353.32,353.24,-0.02,341.73,365.72,363.36,362.19,357.7,356.97,"atr14:8.3%, rsi14:6.6%, ema9:5.2%"
203,LPX,SP400,Louisiana-Pacific Corporation,Building Products & Equipment,Industrials,2026-08-24,72.62,72.6,-0.02,68.83,76.62,73.42,71.84,72.32,72.42,"atr14:9.9%, rsi14:7.1%, ema9:3.9%"
204,VRRM,SP600,Verra Mobility Corporation,Information Technology Services,Technology,2026-08-24,4.47,4.47,-0.02,4.22,4.74,4.36,4.37,4.32,4.29,"macd_signal:7.8%, rsi14:7.5%, atr14:7.1%"
205,TSCO,SP500,Tractor Supply Company,Specialty Retail,Consumer Cyclical,2026-08-24,35.92,35.9,-0.05,34.52,37.38,36.42,36.03,35.86,35.63,"atr14:8.7%, rsi14:6.6%, vol:5.2%"
206,HD,SP500,"The Home Depot, Inc.",Home Improvement Retail,Consumer Cyclical,2026-08-24,337.43,337.24,-0.06,327.01,348.05,342.3,339.67,337.55,337.31,"atr14:8.7%, rsi14:6.4%, ema9:5.4%"
207,LOW,SP500,"Lowe's Companies, Inc.",Home Improvement Retail,Consumer Cyclical,2026-08-24,216.98,216.81,-0.08,209.35,224.72,220.09,216.85,215.73,215.17,"atr14:9.9%, rsi14:6.3%, ema9:5.2%"
208,ASH,SP400,Ashland Inc.,Specialty Chemicals,Basic Materials,2026-08-24,73.71,73.64,-0.09,71.75,75.66,73.45,72.63,72.7,72.75,"rsi14:8.4%, atr14:6.4%, macd:4.8%"
209,WAT,SP500,Waters Corporation,Diagnostics & Research,Healthcare,2026-08-24,410.75,410.33,-0.1,399.13,422.32,412.84,410.03,410.06,411.18,"atr14:8.7%, rsi14:7.3%, ema9:5.5%"
210,BJ,SP400,"BJ's Wholesale Club Holdings, Inc.",Discount Stores,Consumer Defensive,2026-08-24,98.49,98.36,-0.13,94.34,102.66,98.47,98.06,98.06,98.26,"atr14:9.1%, rsi14:6.5%, ema9:5.2%"
211,AZO,SP500,"AutoZone, Inc.",Auto Parts,Consumer Cyclical,2026-08-24,3009.44,3005.46,-0.13,2894.65,3122.54,3031.23,2997.28,2991.82,2985.49,"atr14:10.4%, rsi14:6.4%, ema9:4.8%"
212,GNRC,SP500,Generac Holdings Inc.,Specialty Industrial Machinery,Industrials,2026-08-24,203.56,203.28,-0.14,190.66,216.95,204.8,199.18,198.2,197.43,"atr14:8.9%, rsi14:7.5%, vol:4.2%"
213,IBP,SP600,"Installed Building Products, Inc.",Residential Construction,Consumer Cyclical,2026-08-24,244.89,244.53,-0.15,232.56,257.22,246.85,243.26,242.09,242.56,"atr14:9.0%, rsi14:7.1%, ema9:4.9%"
214,ACN,SP500,Accenture plc,Information Technology Services,Technology,2026-08-24,186.53,186.24,-0.15,180.54,192.33,183.6,181.41,182.24,183.3,"atr14:8.2%, rsi14:7.6%, close:5.1%"
215,CHRW,SP500,"C.H. Robinson Worldwide, Inc.",Integrated Freight & Logistics,Industrials,2026-08-24,142.86,142.63,-0.16,137.74,147.9,144.28,141.83,141.95,142.27,"atr14:9.4%, rsi14:6.2%, ema9:5.3%"
216,AVTR,SP400,"Avantor, Inc.",Medical Instruments & Supplies,Healthcare,2026-08-24,14.26,14.24,-0.16,13.71,14.8,14.28,14.26,14.1,14.21,"rsi14:7.7%, atr14:5.2%, vol:4.1%"
217,RYAN,SP400,"Ryan Specialty Holdings, Inc.",Insurance - Specialty,Financial Services,2026-08-24,44.34,44.27,-0.16,42.52,46.15,44.05,43.85,43.9,43.88,"rsi14:7.8%, atr14:7.7%, close:5.5%"
218,SMPL,SP600,The Simply Good Foods Company,Packaged Foods,Consumer Defensive,2026-08-24,10.97,10.95,-0.16,10.3,11.67,11.05,11.03,10.95,10.97,"rsi14:7.8%, atr14:6.5%, close:6.4%"
219,FIVN,SP600,"Five9, Inc.",Software - Infrastructure,Technology,2026-08-24,32.77,32.72,-0.16,31.0,34.56,33.09,32.53,32.92,32.77,"rsi14:8.0%, close:6.4%, atr14:6.4%"
220,CRS,SP400,Carpenter Technology Corporation,Metal Fabrication,Industrials,2026-08-24,477.1,476.32,-0.16,456.81,496.96,478.87,469.41,467.92,465.89,"atr14:9.2%, rsi14:7.7%, ema9:4.4%"
221,AMH,SP400,American Homes 4 Rent,REIT - Residential,Real Estate,2026-08-24,34.81,34.75,-0.17,33.94,35.61,35.21,35.17,35.07,34.97,"atr14:6.5%, rsi14:6.1%, ema9:5.3%"
222,FA,SP600,First Advantage Corporation,Specialty Business Services,Industrials,2026-08-24,20.69,20.65,-0.17,19.91,21.45,21.23,21.03,20.95,20.76,"rsi14:8.3%, atr14:8.1%, vol:4.5%"
223,CACI,SP400,CACI International Inc,Information Technology Services,Technology,2026-08-24,636.5,635.39,-0.17,614.28,657.68,647.59,630.12,630.38,633.33,"atr14:9.6%, rsi14:6.3%, ema9:5.1%"
224,FAST,SP500,Fastenal Company,Industrial Distribution,Industrials,2026-08-24,51.28,51.19,-0.18,49.88,52.56,51.98,51.28,51.18,50.96,"atr14:9.6%, rsi14:5.9%, ema9:5.3%"
225,MSI,SP500,"Motorola Solutions, Inc.",Communication Equipment,Technology,2026-08-24,481.52,480.56,-0.2,466.67,495.21,487.94,484.17,482.47,481.09,"atr14:9.6%, rsi14:5.7%, ema9:5.1%"
226,WT,SP600,"WisdomTree, Inc.",Asset Management,Financial Services,2026-08-24,23.84,23.79,-0.2,22.8,24.86,23.85,23.72,23.67,23.77,"atr14:9.8%, rsi14:7.4%, ema9:4.6%"
227,BR,SP500,"Broadridge Financial Solutions, Inc.",Information Technology Services,Technology,2026-08-24,185.45,185.08,-0.2,179.39,191.15,186.37,182.78,183.21,183.44,"atr14:9.3%, rsi14:6.9%, ema9:4.0%"
228,FDX,SP500,FedEx Corporation,Integrated Freight & Logistics,Industrials,2026-08-24,334.05,333.38,-0.2,323.03,344.45,333.75,330.37,331.1,333.13,"atr14:10.0%, rsi14:6.8%, ema9:5.7%"
229,CXM,SP600,"Sprinklr, Inc.",Software - Application,Technology,2026-08-24,7.43,7.41,-0.2,7.02,7.85,7.46,7.27,7.31,7.29,"rsi14:8.0%, close:6.7%, atr14:6.0%"
230,G,SP400,Genpact Limited,Information Technology Services,Technology,2026-08-24,37.59,37.51,-0.21,36.14,38.97,37.34,36.8,36.91,37.07,"atr14:8.3%, rsi14:7.7%, vol:4.3%"
231,SHEN,SP600,Shenandoah Telecommunications Company,Telecom Services,Communication Services,2026-08-24,12.3,12.27,-0.23,11.53,13.09,12.0,11.92,11.84,11.89,"rsi14:7.6%, atr14:6.7%, vol:4.1%"
232,APPF,SP400,"AppFolio, Inc.",Software - Application,Technology,2026-08-24,225.1,224.56,-0.24,214.65,235.02,230.94,226.18,224.96,224.54,"atr14:9.7%, rsi14:7.3%, ema9:4.6%"
233,EXPD,SP500,"Expeditors International of Washington, Inc.",Integrated Freight & Logistics,Industrials,2026-08-24,187.83,187.37,-0.24,182.57,192.45,189.61,187.84,187.47,187.38,"atr14:8.5%, rsi14:5.9%, ema9:5.4%"
234,DHR,SP500,Danaher Corporation,Diagnostics & Research,Healthcare,2026-08-24,215.11,214.58,-0.24,208.41,221.12,220.08,216.34,214.74,213.06,"atr14:9.2%, rsi14:6.8%, ema9:4.9%"
235,LII,SP500,Lennox International Inc.,Building Products & Equipment,Industrials,2026-08-24,399.1,398.11,-0.25,384.2,412.89,402.34,396.84,395.53,396.07,"atr14:9.5%, rsi14:6.6%, ema9:5.3%"
236,DEI,SP600,"Douglas Emmett, Inc.",REIT - Office,Real Estate,2026-08-24,11.95,11.92,-0.25,11.54,12.33,11.54,11.54,11.51,11.61,"rsi14:8.3%, atr14:6.0%, macd:4.5%"
237,FLEX,SP500,Flex Ltd.,Electronic Components,Technology,2026-08-24,106.65,106.38,-0.26,101.25,111.79,109.78,109.69,108.66,105.75,"atr14:9.3%, rsi14:7.6%, vol:4.2%"
238,BIO,SP400,"Bio-Rad Laboratories, Inc.",Medical Devices,Healthcare,2026-08-24,381.76,380.77,-0.26,369.72,392.47,385.41,383.35,381.43,378.54,"atr14:7.5%, rsi14:7.3%, vol:3.9%"
239,BMI,SP600,"Badger Meter, Inc.",Scientific & Technical Instruments,Technology,2026-08-24,135.8,135.44,-0.27,130.24,140.96,138.02,134.78,134.15,134.16,"atr14:8.9%, rsi14:7.5%, vol:4.3%"
240,HCC,SP600,"Warrior Met Coal, Inc.",Coking Coal,Basic Materials,2026-08-24,106.6,106.31,-0.27,100.38,112.67,103.65,102.18,102.95,103.12,"atr14:8.9%, rsi14:7.9%, vol:4.4%"
241,COST,SP500,Costco Wholesale Corporation,Discount Stores,Consumer Defensive,2026-08-24,971.4,968.73,-0.27,940.0,999.19,979.98,977.17,972.97,972.72,"atr14:8.1%, rsi14:5.5%, ema9:5.4%"
242,TGT,SP500,Target Corporation,Discount Stores,Consumer Defensive,2026-08-24,169.89,169.42,-0.28,163.56,175.6,171.3,170.1,169.64,168.57,"atr14:7.5%, rsi14:7.4%, ema9:4.9%"
243,RSI,SP600,"Rush Street Interactive, Inc.",Gambling,Consumer Cyclical,2026-08-24,26.42,26.35,-0.28,24.35,28.5,26.61,26.44,26.45,26.45,"atr14:8.3%, rsi14:7.7%, vol:4.4%"
244,NVR,SP500,"NVR, Inc.",Residential Construction,Consumer Cyclical,2026-08-24,6397.59,6379.35,-0.29,6149.86,6621.03,6489.63,6451.23,6403.59,6392.37,"atr14:9.3%, rsi14:6.5%, ema9:5.0%"
245,DOCS,SP400,"Doximity, Inc.",Health Information Services,Healthcare,2026-08-24,25.3,25.23,-0.29,23.24,27.49,26.3,25.87,25.95,25.56,"rsi14:7.9%, atr14:6.1%, close:5.3%"
246,OSW,SP600,OneSpaWorld Holdings Limited,Leisure,Consumer Cyclical,2026-08-24,26.51,26.43,-0.29,25.2,27.74,25.95,25.67,25.62,25.67,"atr14:8.8%, rsi14:7.8%, ema9:4.3%"
247,ARES,SP500,Ares Management Corporation,Asset Management,Financial Services,2026-08-24,140.01,139.59,-0.3,134.46,145.03,140.66,138.02,137.89,138.34,"atr14:8.2%, rsi14:7.8%, vol:4.1%"
248,CWST,SP600,"Casella Waste Systems, Inc.",Waste Management,Industrials,2026-08-24,94.78,94.49,-0.31,90.22,99.03,94.84,93.96,93.89,93.46,"atr14:9.9%, rsi14:6.5%, ema9:5.2%"
249,OC,SP400,Owens Corning,Building Products & Equipment,Industrials,2026-08-24,146.97,146.51,-0.32,141.0,152.35,149.36,146.35,145.92,144.6,"atr14:9.5%, rsi14:7.2%, ema9:4.2%"
250,UPS,SP500,"United Parcel Service, Inc.",Integrated Freight & Logistics,Industrials,2026-08-24,102.72,102.39,-0.32,99.41,105.58,102.69,101.47,101.72,101.7,"atr14:8.1%, rsi14:7.2%, ema9:4.9%"
251,FIVE,SP400,"Five Below, Inc.",Specialty Retail,Consumer Cyclical,2026-08-24,262.72,261.88,-0.32,249.7,274.81,265.05,263.62,263.24,264.0,"atr14:9.9%, rsi14:6.6%, ema9:5.4%"
252,LUMN,SP600,"Lumen Technologies, Inc.",Telecom Services,Communication Services,2026-08-24,5.67,5.65,-0.33,5.39,5.94,5.46,5.5,5.47,5.51,"macd_signal:7.9%, rsi14:7.5%, atr14:7.4%"
253,SNDR,SP600,"Schneider National, Inc.",Trucking,Industrials,2026-08-24,34.84,34.72,-0.33,33.5,36.03,34.58,34.26,34.19,34.35,"atr14:10.1%, rsi14:6.9%, ema9:5.5%"
254,PLMR,SP600,"Palomar Holdings, Inc.",Insurance - Property & Casualty,Financial Services,2026-08-24,133.03,132.58,-0.34,124.82,140.91,136.73,135.49,134.22,133.97,"atr14:8.8%, rsi14:7.9%, vol:4.2%"
255,KNX,SP400,Knight-Swift Transportation Holdings Inc.,Trucking,Industrials,2026-08-24,69.12,68.88,-0.34,65.87,72.1,69.22,68.5,68.41,68.83,"atr14:10.6%, rsi14:6.7%, ema9:5.5%"
256,DG,SP500,Dollar General Corporation,Discount Stores,Consumer Defensive,2026-08-24,125.33,124.88,-0.36,120.01,130.08,126.31,125.67,125.46,124.97,"atr14:8.0%, rsi14:7.3%, ema9:4.3%"
257,VICR,SP400,Vicor Corporation,Electronic Components,Technology,2026-08-24,189.99,189.31,-0.36,175.98,203.54,196.77,194.6,197.15,192.43,"atr14:9.1%, rsi14:8.0%, vol:4.7%"
258,EPC,SP600,Edgewell Personal Care Company,Household & Personal Products,Consumer Defensive,2026-08-24,28.36,28.26,-0.36,26.52,30.21,27.74,27.7,27.54,27.46,"rsi14:7.7%, atr14:6.8%, close:6.2%"
259,DPZ,SP500,"Domino's Pizza, Inc.",Restaurants,Consumer Cyclical,2026-08-24,349.01,347.74,-0.36,334.83,361.32,351.24,348.84,347.96,347.14,"atr14:7.7%, rsi14:6.5%, ema9:4.9%"
260,NEU,SP400,NewMarket Corporation,Specialty Chemicals,Basic Materials,2026-08-24,936.62,933.19,-0.37,903.46,964.53,945.42,935.1,933.95,932.75,"atr14:10.2%, rsi14:6.3%, ema9:5.2%"
261,CERT,SP600,"Certara, Inc.",Health Information Services,Healthcare,2026-08-24,7.96,7.93,-0.37,7.47,8.45,8.0,7.94,7.88,7.93,"rsi14:8.0%, close:6.3%, atr14:5.6%"
262,ANET,SP500,"Arista Networks, Inc.",Computer Hardware,Technology,2026-08-24,188.15,187.44,-0.38,177.11,198.43,193.44,193.12,191.78,188.68,"atr14:9.7%, rsi14:7.3%, ema9:4.9%"
263,TFX,SP600,Teleflex Incorporated,Medical Instruments & Supplies,Healthcare,2026-08-24,138.31,137.77,-0.39,133.61,142.19,136.16,135.58,135.61,136.34,"rsi14:8.1%, atr14:6.4%, vol:4.3%"
264,BAH,SP400,Booz Allen Hamilton Holding Corporation,Consulting Services,Industrials,2026-08-24,75.22,74.92,-0.4,72.25,77.76,75.38,74.62,74.5,74.69,"atr14:8.3%, rsi14:6.9%, vol:4.3%"
265,CRM,SP500,"Salesforce, Inc.",Software - Application,Technology,2026-08-24,209.06,208.14,-0.44,200.05,216.7,210.38,205.04,207.32,206.75,"atr14:8.5%, rsi14:7.5%, vol:4.5%"
266,WEN,SP600,The Wendy's Company,Restaurants,Consumer Cyclical,2026-08-24,8.84,8.8,-0.45,8.31,9.33,8.92,8.79,8.84,8.91,"rsi14:8.1%, atr14:7.0%, macd:4.4%"
267,PPLI,SP600,People Incorporated,Internet Content & Information,Communication Services,2026-08-24,38.76,38.58,-0.46,36.47,40.81,39.69,39.5,39.57,38.95,"rsi14:7.9%, atr14:6.0%, close:4.5%"
268,BRO,SP500,"Brown & Brown, Inc.",Insurance Brokers,Financial Services,2026-08-24,74.62,74.26,-0.48,72.1,76.53,75.1,74.16,74.22,73.59,"atr14:8.5%, rsi14:7.6%, vol:4.1%"
269,R,SP400,"Ryder System, Inc.",Rental & Leasing Services,Industrials,2026-08-24,244.93,243.75,-0.48,236.12,251.78,243.86,239.63,240.19,241.1,"atr14:10.4%, rsi14:6.5%, ema9:5.6%"
270,AXTA,SP400,Axalta Coating Systems Ltd.,Specialty Chemicals,Basic Materials,2026-08-24,36.06,35.89,-0.48,34.95,36.87,36.26,35.79,35.78,35.64,"atr14:7.8%, rsi14:7.6%, ema9:4.9%"
271,AJG,SP500,Arthur J. Gallagher & Co.,Insurance Brokers,Financial Services,2026-08-24,271.99,270.66,-0.49,263.06,278.64,272.34,267.53,267.53,267.04,"atr14:9.4%, rsi14:7.3%, ema9:4.8%"
272,USLM,SP600,"United States Lime & Minerals, Inc.",Building Materials,Basic Materials,2026-08-24,120.89,120.3,-0.49,115.75,125.13,121.42,119.48,119.26,119.02,"atr14:8.7%, rsi14:7.4%, ema9:4.6%"
273,SMG,SP400,The Scotts Miracle-Gro Company,Agricultural Inputs,Basic Materials,2026-08-24,60.69,60.39,-0.49,57.76,63.21,60.3,60.11,60.29,60.35,"rsi14:7.9%, atr14:7.3%, close:5.3%"
274,KAI,SP600,Kadant Inc.,Specialty Industrial Machinery,Industrials,2026-08-24,312.57,310.9,-0.53,298.97,323.53,316.72,311.69,310.99,309.81,"atr14:9.7%, rsi14:6.8%, ema9:5.1%"
275,TYL,SP500,"Tyler Technologies, Inc.",Software - Application,Technology,2026-08-24,355.79,353.81,-0.56,340.79,367.55,363.2,355.01,354.4,354.24,"atr14:9.2%, rsi14:7.3%, vol:4.3%"
276,VRT,SP500,Vertiv Holdings Co,Electrical Equipment & Parts,Industrials,2026-08-24,254.97,253.53,-0.56,240.92,266.81,256.83,255.26,253.55,251.08,"atr14:9.7%, rsi14:7.6%, vol:4.2%"
277,EXLS,SP400,"ExlService Holdings, Inc.",Information Technology Services,Technology,2026-08-24,37.66,37.44,-0.57,35.99,38.98,37.46,36.87,37.05,36.93,"atr14:8.9%, rsi14:7.5%, vol:4.3%"
278,MKC,SP500,"McCormick & Company, Incorporated",Packaged Foods,Consumer Defensive,2026-08-24,56.2,55.88,-0.58,54.41,57.41,56.84,56.71,56.39,55.91,"rsi14:7.1%, atr14:7.0%, vol:4.9%"
279,MRSH,SP500,"Marsh & McLennan Companies, Inc.",Insurance Brokers,Financial Services,2026-08-24,194.67,193.54,-0.58,188.55,198.71,196.84,194.84,193.95,192.34,"atr14:8.6%, rsi14:6.5%, ema9:5.1%"
280,MAR,SP500,"Marriott International, Inc.",Lodging,Consumer Cyclical,2026-08-24,360.2,358.07,-0.59,347.47,369.08,360.07,353.48,353.83,355.36,"atr14:9.6%, rsi14:6.0%, ema9:5.5%"
281,HUBB,SP500,Hubbell Incorporated,Electrical Equipment & Parts,Industrials,2026-08-24,466.76,463.99,-0.59,450.19,478.45,469.37,460.06,457.36,459.69,"atr14:10.5%, rsi14:6.5%, ema9:5.4%"
282,UFPT,SP600,"UFP Technologies, Inc.",Medical Devices,Healthcare,2026-08-24,305.39,303.57,-0.6,290.88,316.98,309.68,305.61,303.62,304.03,"atr14:9.5%, rsi14:6.9%, ema9:4.9%"
283,NOC,SP500,Northrop Grumman Corporation,Aerospace & Defense,Industrials,2026-08-24,549.28,545.8,-0.63,530.04,562.32,556.66,549.33,546.5,542.83,"atr14:9.3%, rsi14:6.1%, ema9:5.0%"
284,RDNT,SP600,"RadNet, Inc.",Diagnostics & Research,Healthcare,2026-08-24,74.69,74.22,-0.64,70.55,78.16,75.16,74.27,74.32,74.52,"atr14:9.7%, rsi14:7.3%, vol:4.1%"
285,SPGI,SP500,S&P Global Inc.,Financial Data & Stock Exchanges,Financial Services,2026-08-24,435.42,432.62,-0.64,418.74,447.1,440.27,432.74,431.33,430.34,"atr14:9.5%, rsi14:6.2%, ema9:5.2%"
286,INVH,SP500,Invitation Homes Inc.,REIT - Residential,Real Estate,2026-08-24,30.46,30.26,-0.64,29.56,31.01,31.03,30.89,30.78,30.59,"rsi14:6.4%, atr14:6.3%, high:4.9%"
287,URI,SP500,"United Rentals, Inc.",Rental & Leasing Services,Industrials,2026-08-24,1083.56,1076.57,-0.64,1039.55,1115.38,1082.74,1073.55,1069.4,1061.09,"atr14:10.0%, rsi14:6.8%, ema9:5.6%"
288,ORLY,SP500,"O'Reilly Automotive, Inc.",Auto Parts,Consumer Cyclical,2026-08-24,90.68,90.09,-0.65,86.84,93.48,91.41,90.85,90.65,90.41,"atr14:10.2%, rsi14:5.9%, ema9:5.0%"
289,MC,SP600,Moelis & Company,Capital Markets,Financial Services,2026-08-24,68.5,68.05,-0.65,65.62,70.63,68.24,67.01,66.93,66.77,"atr14:9.2%, rsi14:7.6%, ema9:4.5%"
290,CVLT,SP400,"Commvault Systems, Inc.",Software - Application,Technology,2026-08-24,131.13,130.27,-0.66,123.53,137.41,135.08,134.66,133.02,131.81,"atr14:8.1%, rsi14:7.7%, ema9:4.5%"
291,WBS,SP400,Webster Financial Corporation,Banks - Regional,Financial Services,2026-08-24,77.57,77.05,-0.67,75.75,78.42,76.6,77.33,77.2,77.09,"atr14:5.7%, ema9:5.6%, rsi14:5.3%"
292,JEF,SP400,Jefferies Financial Group Inc.,Capital Markets,Financial Services,2026-08-24,51.91,51.56,-0.67,49.95,53.24,51.27,50.9,50.89,50.79,"atr14:8.1%, rsi14:8.0%, vol:4.0%"
293,GWW,SP500,"W.W. Grainger, Inc.",Industrial Distribution,Industrials,2026-08-24,1321.9,1312.99,-0.67,1276.44,1350.88,1319.76,1303.87,1303.91,1301.32,"atr14:9.5%, rsi14:6.5%, ema9:5.6%"
294,FUN,SP600,Six Flags Entertainment Corporation,Leisure,Consumer Cyclical,2026-08-24,16.91,16.8,-0.68,15.66,18.03,16.58,16.46,16.53,16.65,"rsi14:7.8%, atr14:7.1%, close:5.2%"
295,MANH,SP400,"Manhattan Associates, Inc.",Software - Application,Technology,2026-08-24,213.18,211.73,-0.68,203.56,220.36,217.35,209.66,211.23,210.6,"atr14:8.8%, rsi14:7.6%, vol:4.1%"
296,MSFT,SP500,Microsoft Corporation,Software - Infrastructure,Technology,2026-08-24,487.31,483.99,-0.68,468.61,500.24,491.45,485.33,484.5,485.04,"atr14:9.7%, rsi14:6.5%, ema9:5.2%"
297,AES,SP500,The AES Corporation,Utilities - Diversified,Utilities,2026-08-24,14.75,14.65,-0.69,14.39,14.94,14.78,14.7,14.67,14.6,"high:6.3%, atr14:5.5%, ema9:4.8%"
298,CSL,SP400,Carlisle Companies Incorporated,Building Products & Equipment,Industrials,2026-08-24,362.52,359.99,-0.7,348.03,372.57,368.48,357.77,357.55,356.36,"atr14:10.3%, rsi14:6.8%, ema9:4.6%"
299,AIT,SP400,"Applied Industrial Technologies, Inc.",Industrial Distribution,Industrials,2026-08-24,338.75,336.32,-0.72,327.96,345.06,341.87,337.21,336.19,335.05,"atr14:8.8%, rsi14:6.6%, ema9:5.7%"
300,MIDD,SP400,The Middleby Corporation,Specialty Industrial Machinery,Industrials,2026-08-24,115.22,114.36,-0.74,110.36,118.53,114.89,113.52,113.52,113.46,"atr14:9.4%, rsi14:6.6%, ema9:5.4%"
301,CTSH,SP500,Cognizant Technology Solutions Corporation,Information Technology Services,Technology,2026-08-24,62.2,61.74,-0.75,59.39,64.22,60.57,59.98,60.04,60.38,"atr14:8.5%, rsi14:7.6%, vol:4.4%"
302,QTWO,SP600,"Q2 Holdings, Inc.",Software - Application,Technology,2026-08-24,64.18,63.7,-0.75,60.9,66.65,65.61,64.46,64.06,63.9,"rsi14:7.9%, atr14:7.1%, vol:4.2%"
303,ROST,SP500,"Ross Stores, Inc.",Apparel Retail,Consumer Cyclical,2026-08-24,241.52,239.69,-0.76,231.57,248.1,241.98,239.3,238.39,239.59,"atr14:10.4%, rsi14:6.3%, ema9:5.4%"
304,SLM,SP400,SLM Corporation,Credit Services,Financial Services,2026-08-24,26.34,26.14,-0.76,25.31,27.01,26.44,26.24,26.19,26.14,"atr14:7.9%, rsi14:7.2%, ema9:5.3%"
305,NVT,SP400,nVent Electric plc,Electrical Equipment & Parts,Industrials,2026-08-24,153.35,152.18,-0.76,146.63,158.0,153.39,152.43,152.24,150.86,"atr14:9.3%, rsi14:7.5%, ema9:4.8%"
306,PATH,SP400,"UiPath, Inc.",Software - Infrastructure,Technology,2026-08-24,16.57,16.44,-0.77,15.3,17.69,16.46,15.96,15.94,15.66,"rsi14:7.6%, macd_signal:7.3%, close:6.6%"
307,ETN,SP500,Eaton Corporation plc,Specialty Industrial Machinery,Industrials,2026-08-24,408.67,405.51,-0.77,393.76,417.83,411.65,405.92,405.82,402.29,"atr14:9.7%, rsi14:7.5%, ema9:4.9%"
308,POWL,SP600,"Powell Industries, Inc.",Electrical Equipment & Parts,Industrials,2026-08-24,188.98,187.51,-0.78,177.58,198.06,192.61,190.28,192.13,191.61,"atr14:9.7%, rsi14:7.5%, vol:4.6%"
309,ENVA,SP600,"Enova International, Inc.",Credit Services,Financial Services,2026-08-24,247.66,245.74,-0.78,235.29,256.7,246.12,245.11,244.02,244.83,"atr14:9.5%, rsi14:6.9%, ema9:5.2%"
310,PWR,SP500,"Quanta Services, Inc.",Engineering & Construction,Industrials,2026-08-24,616.78,611.99,-0.78,586.74,638.4,615.26,608.61,609.43,607.55,"atr14:9.6%, rsi14:7.3%, ema9:4.9%"
311,AAPL,SP500,Apple Inc.,Consumer Electronics,Technology,2026-08-24,310.34,307.92,-0.78,296.23,320.13,312.23,310.72,310.18,309.19,"atr14:8.6%, rsi14:5.9%, ema9:5.4%"
312,SNPS,SP500,"Synopsys, Inc.",Software - Infrastructure,Technology,2026-08-24,394.51,391.43,-0.78,377.5,406.07,398.04,391.02,389.7,385.83,"atr14:8.5%, rsi14:7.5%, ema9:4.6%"
313,MAS,SP500,Masco Corporation,Building Products & Equipment,Industrials,2026-08-24,73.21,72.63,-0.79,69.83,75.58,74.14,74.0,73.22,73.07,"atr14:9.8%, rsi14:6.6%, ema9:5.5%"
314,EQH,SP400,"Equitable Holdings, Inc.",Asset Management,Financial Services,2026-08-24,49.03,48.64,-0.79,47.36,49.98,48.84,48.56,48.58,48.4,"rsi14:8.1%, atr14:7.1%, macd:4.2%"
315,FIZZ,SP600,National Beverage Corp.,Beverages - Non-Alcoholic,Consumer Defensive,2026-08-24,33.07,32.81,-0.79,31.19,34.55,32.55,32.31,32.2,32.24,"rsi14:7.9%, atr14:6.3%, vol:4.4%"
316,ICUI,SP600,"ICU Medical, Inc.",Medical Instruments & Supplies,Healthcare,2026-08-24,182.55,181.1,-0.8,175.21,187.24,184.03,183.26,182.6,181.68,"rsi14:7.7%, atr14:6.8%, ema9:4.1%"
317,IBKR,SP500,"Interactive Brokers Group, Inc.",Capital Markets,Financial Services,2026-08-24,93.05,92.3,-0.8,88.72,96.09,94.34,93.37,93.66,93.01,"atr14:9.2%, rsi14:7.8%, vol:4.1%"
318,ROAD,SP600,"Construction Partners, Inc.",Engineering & Construction,Industrials,2026-08-24,108.49,107.61,-0.81,101.82,113.71,109.03,106.72,107.09,106.68,"atr14:9.5%, rsi14:7.6%, vol:4.3%"
319,DIOD,SP600,Diodes Incorporated,Semiconductors,Technology,2026-08-24,89.75,89.02,-0.81,83.73,94.56,90.17,88.84,87.12,86.01,"atr14:8.6%, rsi14:7.9%, vol:4.5%"
320,PGR,SP500,The Progressive Corporation,Insurance - Property & Casualty,Financial Services,2026-08-24,223.92,222.1,-0.81,215.64,228.82,226.44,226.13,224.42,223.2,"atr14:8.6%, rsi14:6.7%, ema9:5.4%"
321,ZD,SP600,"Ziff Davis, Inc.",Advertising Agencies,Communication Services,2026-08-24,55.73,55.26,-0.84,52.7,58.0,55.35,54.98,54.67,54.74,"rsi14:7.9%, atr14:7.4%, vol:4.2%"
322,AAMI,SP600,Acadian Asset Management Inc.,Asset Management,Financial Services,2026-08-24,91.9,91.13,-0.84,87.73,94.68,90.93,90.21,90.34,90.83,"atr14:10.1%, rsi14:7.3%, ema9:5.1%"
323,CWK,SP600,Cushman & Wakefield Limited,Real Estate Services,Real Estate,2026-08-24,14.64,14.52,-0.84,13.94,15.12,14.32,14.05,14.04,14.06,"rsi14:8.3%, atr14:6.6%, vol:4.4%"
324,MSGS,SP600,Madison Square Garden Sports Corp.,Entertainment,Communication Services,2026-08-24,402.61,399.19,-0.85,384.81,414.3,392.9,390.54,391.91,393.24,"atr14:9.9%, rsi14:7.7%, ema9:4.6%"
325,FOXA,SP500,Fox Corporation,Entertainment,Communication Services,2026-08-24,69.21,68.62,-0.85,66.43,70.9,68.92,67.87,67.87,68.06,"atr14:9.0%, rsi14:7.5%, ema9:4.4%"
326,CBOE,SP500,"Cboe Global Markets, Inc.",Financial Data & Stock Exchanges,Financial Services,2026-08-24,308.09,305.45,-0.86,293.75,317.65,305.91,304.87,304.71,304.74,"atr14:10.5%, rsi14:6.5%, ema9:5.2%"
327,LIN,SP500,Linde plc,Specialty Chemicals,Basic Materials,2026-08-24,490.03,485.81,-0.86,471.83,500.39,489.62,486.91,485.93,484.35,"atr14:9.4%, rsi14:6.0%, ema9:5.5%"
328,SAIC,SP400,Science Applications International Corporation,Information Technology Services,Technology,2026-08-24,126.85,125.74,-0.88,121.57,130.07,126.82,124.97,125.09,125.15,"atr14:8.6%, rsi14:7.0%, ema9:5.2%"
329,FTV,SP500,Fortive Corporation,Scientific & Technical Instruments,Technology,2026-08-24,60.46,59.93,-0.88,58.44,61.47,60.95,59.91,59.69,59.52,"atr14:7.2%, rsi14:6.8%, ema9:5.9%"
330,HPE,SP500,Hewlett Packard Enterprise Company,Communication Equipment,Technology,2026-08-24,52.43,51.96,-0.9,50.04,53.96,52.5,51.41,51.25,50.66,"atr14:9.2%, rsi14:8.0%, vol:4.6%"
331,CLX,SP500,The Clorox Company,Household & Personal Products,Consumer Defensive,2026-08-24,107.17,106.2,-0.9,103.01,109.52,106.88,106.05,105.83,105.64,"rsi14:7.1%, atr14:6.9%, ema9:4.4%"
332,CHH,SP400,"Choice Hotels International, Inc.",Lodging,Consumer Cyclical,2026-08-24,111.12,110.1,-0.92,105.47,114.98,111.85,110.38,110.9,110.55,"atr14:9.1%, rsi14:7.7%, vol:4.2%"
333,AME,SP500,"AMETEK, Inc.",Specialty Industrial Machinery,Industrials,2026-08-24,242.33,240.1,-0.92,234.37,246.05,244.87,241.35,240.2,238.56,"atr14:10.1%, rsi14:6.0%, ema9:5.4%"
334,ARCB,SP600,ArcBest Corporation,Trucking,Industrials,2026-08-24,134.45,133.21,-0.92,126.1,140.81,135.6,132.99,132.33,132.38,"atr14:9.8%, rsi14:7.4%, ema9:5.0%"
335,TTWO,SP500,"Take-Two Interactive Software, Inc.",Electronic Gaming & Multimedia,Communication Services,2026-08-24,233.5,231.34,-0.92,220.65,242.58,235.13,234.34,232.4,231.53,"atr14:10.5%, rsi14:6.2%, ema9:5.4%"
336,DMC,SP600,Del Monte Corporation,Farm Products,Consumer Defensive,2026-08-24,31.99,31.69,-0.92,30.34,33.13,31.39,31.24,31.19,31.24,"rsi14:7.4%, atr14:7.4%, ema9:4.2%"
337,STEP,SP600,StepStone Group Inc.,Asset Management,Financial Services,2026-08-24,49.2,48.74,-0.93,46.41,51.21,49.79,49.09,48.92,48.78,"atr14:9.0%, rsi14:7.9%, vol:4.6%"
338,PCTY,SP400,Paylocity Holding Corporation,Software - Application,Technology,2026-08-24,152.45,151.01,-0.94,144.01,158.31,156.16,153.15,152.17,151.21,"rsi14:7.7%, atr14:7.6%, vol:4.3%"
339,LLY,SP500,Eli Lilly and Company,Drug Manufacturers - General,Healthcare,2026-08-24,1246.93,1235.17,-0.94,1191.0,1281.87,1236.32,1225.94,1225.64,1236.48,"atr14:9.6%, rsi14:7.8%, ema9:4.2%"
340,ADBE,SP500,Adobe Inc.,Software - Application,Technology,2026-08-24,276.27,273.66,-0.94,264.14,283.67,278.52,272.58,273.33,272.78,"rsi14:7.8%, atr14:7.4%, vol:4.3%"
341,VOYA,SP400,"Voya Financial, Inc.",Financial Conglomerates,Financial Services,2026-08-24,99.14,98.2,-0.95,96.06,100.42,98.36,98.16,98.13,97.68,"atr14:8.7%, rsi14:6.5%, ema9:5.4%"
342,ZBRA,SP500,Zebra Technologies Corporation,Communication Equipment,Technology,2026-08-24,363.3,359.85,-0.95,346.52,373.83,364.04,359.66,360.1,356.52,"atr14:8.6%, rsi14:8.0%, vol:4.3%"
343,SPXC,SP400,"SPX Technologies, Inc.",Building Products & Equipment,Industrials,2026-08-24,200.9,198.94,-0.98,192.08,206.09,200.5,197.97,196.68,195.87,"atr14:10.1%, rsi14:6.7%, ema9:5.5%"
344,NABL,SP600,"N-able, Inc.",Information Technology Services,Technology,2026-08-24,3.6,3.56,-0.98,3.37,3.77,3.6,3.54,3.58,3.53,"rsi14:8.1%, atr14:6.4%, close:6.3%"
345,ERIE,SP500,Erie Indemnity Company,Insurance Brokers,Financial Services,2026-08-24,268.64,265.99,-0.99,257.19,275.27,269.07,264.6,264.69,263.18,"atr14:8.4%, rsi14:7.4%, vol:4.0%"
346,RSG,SP500,"Republic Services, Inc.",Waste Management,Industrials,2026-08-24,223.08,220.86,-0.99,214.55,227.47,224.9,221.52,220.97,220.13,"atr14:9.3%, rsi14:6.4%, ema9:5.4%"
347,GOLF,SP600,Acushnet Holdings Corp.,Leisure,Consumer Cyclical,2026-08-24,89.67,88.77,-1.0,85.28,92.42,89.89,88.68,88.43,87.72,"atr14:9.0%, rsi14:7.3%, ema9:5.2%"
348,IBM,SP500,International Business Machines Corporation,Information Technology Services,Technology,2026-08-24,231.04,228.72,-1.0,221.83,236.0,228.11,225.56,225.47,224.81,"atr14:8.7%, rsi14:7.7%, vol:4.4%"
349,DOV,SP500,Dover Corporation,Specialty Industrial Machinery,Industrials,2026-08-24,203.62,201.57,-1.0,196.97,206.34,204.72,202.8,201.27,199.85,"atr14:8.8%, rsi14:6.3%, ema9:5.6%"
350,BKNG,SP500,Booking Holdings Inc.,Travel Services,Consumer Cyclical,2026-08-24,213.36,211.22,-1.01,203.12,219.66,212.95,207.96,205.84,205.46,"atr14:9.8%, rsi14:6.7%, vol:5.3%"
351,NDAQ,SP500,"Nasdaq, Inc.",Financial Data & Stock Exchanges,Financial Services,2026-08-24,98.79,97.79,-1.01,94.77,100.92,98.75,97.74,97.97,97.72,"atr14:10.0%, rsi14:5.9%, ema9:5.3%"
352,RPM,SP400,RPM International Inc.,Specialty Chemicals,Basic Materials,2026-08-24,106.36,105.28,-1.02,102.52,108.12,108.07,106.09,105.41,104.43,"atr14:9.0%, rsi14:6.4%, ema9:5.2%"
353,NX,SP600,Quanex Building Products Corporation,Building Products & Equipment,Industrials,2026-08-24,19.95,19.75,-1.02,18.66,20.9,19.96,19.6,19.67,19.75,"atr14:8.7%, rsi14:7.8%, vol:4.2%"
354,JBHT,SP500,"J.B. Hunt Transport Services, Inc.",Integrated Freight & Logistics,Industrials,2026-08-24,259.88,257.22,-1.02,248.2,266.7,257.03,254.79,254.48,255.81,"atr14:10.4%, rsi14:6.9%, ema9:5.6%"
355,ROP,SP500,"Roper Technologies, Inc.",Software - Application,Technology,2026-08-24,415.51,411.24,-1.03,400.97,421.83,420.22,412.5,411.87,406.32,"atr14:7.7%, rsi14:7.3%, ema9:4.9%"
356,CTAS,SP500,Cintas Corporation,Specialty Business Services,Industrials,2026-08-24,207.4,205.26,-1.03,199.25,211.47,207.2,204.01,203.91,203.59,"atr14:9.0%, rsi14:6.6%, ema9:5.3%"
357,FOX,SP500,Fox Corporation,Entertainment,Communication Services,2026-08-24,61.59,60.95,-1.04,59.0,62.97,60.87,60.02,60.13,60.24,"atr14:9.0%, rsi14:7.8%, vol:4.3%"
358,LMT,SP500,Lockheed Martin Corporation,Aerospace & Defense,Industrials,2026-08-24,564.14,558.25,-1.04,543.05,573.97,566.24,559.48,558.17,555.13,"atr14:9.0%, rsi14:6.2%, ema9:5.3%"
359,CPRT,SP500,"Copart, Inc.",Specialty Business Services,Industrials,2026-08-24,33.26,32.91,-1.05,31.82,34.05,33.6,32.58,32.39,32.32,"atr14:8.3%, rsi14:6.7%, vol:4.8%"
360,IEX,SP500,IDEX Corporation,Specialty Industrial Machinery,Industrials,2026-08-24,233.69,231.23,-1.05,226.38,236.26,233.23,231.38,231.0,230.04,"atr14:8.2%, rsi14:6.5%, ema9:5.7%"
361,CSX,SP500,CSX Corporation,Railroads,Industrials,2026-08-24,51.44,50.9,-1.06,49.72,52.11,51.31,50.97,50.89,50.65,"atr14:8.7%, rsi14:6.0%, ema9:5.5%"
362,CRVL,SP600,CorVel Corporation,Insurance Brokers,Financial Services,2026-08-24,71.23,70.47,-1.06,67.07,74.08,72.44,71.64,71.26,70.65,"atr14:8.4%, rsi14:7.2%, vol:4.2%"
363,NXST,SP400,"Nexstar Media Group, Inc.",Broadcasting,Communication Services,2026-08-24,186.24,184.23,-1.08,176.71,192.04,186.32,184.42,184.06,181.7,"atr14:9.4%, rsi14:6.5%, ema9:5.3%"
364,ELAN,SP400,Elanco Animal Health Incorporated,Drug Manufacturers - Specialty & Generic,Healthcare,2026-08-24,24.42,24.15,-1.09,22.99,25.39,24.48,24.18,24.09,24.07,"rsi14:8.0%, atr14:8.0%, vol:4.3%"
365,EHC,SP400,Encompass Health Corporation,Medical Care Facilities,Healthcare,2026-08-24,120.92,119.6,-1.09,115.29,124.09,122.35,121.03,120.59,119.93,"atr14:9.9%, rsi14:6.2%, ema9:5.3%"
366,AON,SP500,Aon plc,Insurance Brokers,Financial Services,2026-08-24,359.1,355.07,-1.12,344.72,365.77,361.87,355.07,354.53,353.33,"atr14:9.3%, rsi14:6.5%, ema9:5.4%"
367,VTRS,SP500,Viatris Inc.,Drug Manufacturers - Specialty & Generic,Healthcare,2026-08-24,16.54,16.35,-1.13,15.62,17.15,16.39,16.38,16.26,16.28,"rsi14:7.9%, atr14:6.2%, close:5.3%"
368,LECO,SP400,"Lincoln Electric Holdings, Inc.",Tools & Accessories,Industrials,2026-08-24,282.24,279.05,-1.13,271.69,286.73,283.98,280.44,279.24,276.88,"atr14:9.6%, rsi14:6.4%, ema9:5.6%"
369,LSTR,SP400,"Landstar System, Inc.",Integrated Freight & Logistics,Industrials,2026-08-24,179.92,177.89,-1.13,171.34,184.76,180.6,178.36,178.26,178.51,"atr14:10.6%, rsi14:6.1%, ema9:5.3%"
370,WEX,SP400,WEX Inc.,Software - Infrastructure,Technology,2026-08-24,203.25,200.93,-1.14,193.6,208.54,200.73,197.79,197.72,198.04,"rsi14:7.9%, atr14:6.9%, vol:4.4%"
371,PEN,SP400,"Penumbra, Inc.",Medical Devices,Healthcare,2026-08-24,323.75,320.0,-1.16,309.75,330.65,326.49,325.12,323.79,320.89,"high:6.7%, atr14:6.0%, ema9:5.2%"
372,KDP,SP500,Keurig Dr Pepper Inc.,Beverages - Non-Alcoholic,Consumer Defensive,2026-08-24,32.51,32.13,-1.17,31.01,33.31,32.68,32.48,32.28,32.37,"atr14:7.5%, rsi14:6.6%, ema9:5.7%"
373,PCAR,SP500,PACCAR Inc,Farm & Heavy Construction Machinery,Industrials,2026-08-24,129.94,128.41,-1.17,124.98,131.96,130.54,128.84,128.59,127.6,"atr14:9.6%, rsi14:6.0%, ema9:5.2%"
374,ADM,SP500,Archer-Daniels-Midland Company,Farm Products,Consumer Defensive,2026-08-24,78.16,77.24,-1.18,74.37,80.26,77.94,77.21,77.05,77.58,"atr14:9.8%, rsi14:6.5%, ema9:5.5%"
375,RLI,SP400,RLI Corp.,Insurance - Property & Casualty,Financial Services,2026-08-24,66.62,65.84,-1.18,63.82,67.93,67.21,66.58,66.17,65.8,"atr14:9.5%, rsi14:6.7%, ema9:4.9%"
376,TT,SP500,Trane Technologies plc,Building Products & Equipment,Industrials,2026-08-24,452.96,447.63,-1.18,434.5,461.17,449.97,445.06,444.59,444.48,"atr14:10.0%, rsi14:6.5%, ema9:5.6%"
377,OGN,SP600,Organon & Co.,Drug Manufacturers - General,Healthcare,2026-08-24,13.75,13.59,-1.18,13.23,13.96,13.77,13.73,13.66,13.56,"rsi14:6.9%, atr14:5.4%, high:4.2%"
378,BSY,SP400,"Bentley Systems, Incorporated",Software - Application,Technology,2026-08-24,37.68,37.23,-1.19,35.57,38.99,37.79,36.75,37.1,36.68,"rsi14:8.0%, atr14:6.8%, close:5.8%"
379,F,SP500,Ford Motor Company,Auto Manufacturers,Consumer Cyclical,2026-08-24,13.93,13.76,-1.2,13.18,14.37,13.78,13.7,13.7,13.59,"atr14:8.7%, rsi14:7.6%, vol:4.3%"
380,DGX,SP500,Quest Diagnostics Incorporated,Diagnostics & Research,Healthcare,2026-08-24,243.87,240.93,-1.2,234.2,247.86,245.88,243.98,243.33,242.21,"atr14:9.1%, rsi14:6.2%, ema9:5.3%"
381,TPR,SP500,"Tapestry, Inc.",Luxury Goods,Consumer Cyclical,2026-08-24,132.16,130.56,-1.21,125.64,135.67,131.07,129.48,128.81,128.36,"atr14:9.7%, rsi14:6.9%, ema9:5.6%"
382,CMG,SP500,"Chipotle Mexican Grill, Inc.",Restaurants,Consumer Cyclical,2026-08-24,38.02,37.56,-1.21,35.85,39.36,38.33,37.97,37.95,37.59,"atr14:8.3%, rsi14:7.0%, vol:4.5%"
383,EW,SP500,Edwards Lifesciences Corporation,Medical Devices,Healthcare,2026-08-24,90.5,89.41,-1.21,86.4,92.55,92.1,91.14,90.46,90.26,"atr14:8.4%, rsi14:6.7%, ema9:5.1%"
384,CCS,SP600,"Century Communities, Inc.",Real Estate - Development,Real Estate,2026-08-24,69.41,68.57,-1.21,65.21,72.09,70.03,69.76,69.54,68.01,"atr14:8.4%, rsi14:7.5%, ema9:4.7%"
385,NDSN,SP500,Nordson Corporation,Specialty Industrial Machinery,Industrials,2026-08-24,333.93,329.86,-1.22,322.16,337.86,336.0,332.44,331.06,326.81,"atr14:8.7%, rsi14:6.0%, ema9:5.5%"
386,ABT,SP500,Abbott Laboratories,Medical Devices,Healthcare,2026-08-24,116.67,115.25,-1.22,111.85,118.78,118.23,117.8,116.84,115.58,"atr14:7.9%, rsi14:6.6%, ema9:5.0%"
387,LAUR,SP600,"Laureate Education, Inc.",Education & Training Services,Consumer Defensive,2026-08-24,37.31,36.85,-1.23,35.3,38.47,36.7,36.42,36.27,36.47,"atr14:9.7%, rsi14:7.1%, ema9:5.5%"
388,MNST,SP500,Monster Beverage Corporation,Beverages - Non-Alcoholic,Consumer Defensive,2026-08-24,48.92,48.32,-1.23,46.5,50.2,49.68,49.41,49.05,49.23,"atr14:9.7%, rsi14:6.0%, ema9:5.4%"
389,SBH,SP600,"Sally Beauty Holdings, Inc.",Specialty Retail,Consumer Cyclical,2026-08-24,16.71,16.5,-1.24,15.67,17.39,16.61,16.41,16.34,16.26,"atr14:7.7%, rsi14:7.6%, vol:4.1%"
390,HWM,SP500,Howmet Aerospace Inc.,Aerospace & Defense,Industrials,2026-08-24,263.29,259.99,-1.26,251.58,268.69,259.48,257.13,256.68,256.94,"atr14:10.7%, rsi14:6.7%, ema9:5.6%"
391,STRL,SP400,"Sterling Infrastructure, Inc.",Engineering & Construction,Industrials,2026-08-24,496.66,490.36,-1.27,458.25,524.79,516.17,510.22,515.52,495.99,"atr14:9.2%, rsi14:7.9%, vol:4.4%"
392,LTH,SP600,"Life Time Group Holdings, Inc.",Leisure,Consumer Cyclical,2026-08-24,45.73,45.14,-1.28,43.04,47.34,45.39,45.14,44.86,45.09,"atr14:9.0%, rsi14:7.5%, ema9:5.1%"
393,CHEF,SP600,"The Chefs' Warehouse, Inc.",Food Distribution,Consumer Defensive,2026-08-24,113.45,111.98,-1.3,107.24,116.88,113.53,112.99,112.64,112.24,"atr14:9.0%, rsi14:6.9%, ema9:5.4%"
394,EXPO,SP400,"Exponent, Inc.",Engineering & Construction,Industrials,2026-08-24,70.78,69.86,-1.3,67.33,72.5,70.9,69.87,69.62,68.96,"atr14:7.8%, rsi14:7.5%, ema9:4.2%"
395,RS,SP400,"Reliance, Inc.",Steel,Basic Materials,2026-08-24,382.49,377.53,-1.3,366.47,389.0,374.73,371.64,372.05,371.99,"atr14:10.2%, rsi14:6.5%, ema9:5.5%"
396,BBY,SP500,"Best Buy Co., Inc.",Specialty Retail,Consumer Cyclical,2026-08-24,87.48,86.34,-1.3,82.22,90.65,88.06,87.16,86.84,85.72,"atr14:8.0%, rsi14:7.7%, ema9:4.5%"
397,COIN,SP500,"Coinbase Global, Inc.",Financial Data & Stock Exchanges,Financial Services,2026-08-24,179.48,177.14,-1.3,164.09,190.94,185.01,177.41,181.39,177.83,"rsi14:8.0%, atr14:7.5%, close:5.1%"
398,TJX,SP500,"The TJX Companies, Inc.",Apparel Retail,Consumer Cyclical,2026-08-24,140.71,138.87,-1.31,134.28,143.61,140.57,139.08,138.46,139.32,"atr14:10.3%, rsi14:6.1%, ema9:5.4%"
399,WMT,SP500,Walmart Inc.,Discount Stores,Consumer Defensive,2026-08-24,106.49,105.09,-1.31,101.65,108.68,106.24,105.55,105.45,105.4,"atr14:9.7%, rsi14:5.7%, ema9:5.1%"
400,SNA,SP500,Snap-on Incorporated,Tools & Accessories,Industrials,2026-08-24,394.49,389.27,-1.32,379.63,399.24,396.58,392.33,391.37,388.43,"atr14:8.6%, rsi14:6.2%, ema9:5.6%"
401,WM,SP500,"Waste Management, Inc.",Waste Management,Industrials,2026-08-24,226.46,223.46,-1.33,217.31,229.81,227.96,224.99,223.85,223.32,"atr14:9.4%, rsi14:5.8%, ema9:5.3%"
402,MCY,SP600,Mercury General Corporation,Insurance - Property & Casualty,Financial Services,2026-08-24,106.28,104.85,-1.35,101.53,108.31,104.75,103.83,103.92,104.12,"atr14:10.0%, rsi14:6.4%, ema9:5.6%"
403,BNY,SP500,The Bank of New York Mellon Corporation,Banks - Diversified,Financial Services,2026-08-24,162.14,159.94,-1.36,156.21,163.78,160.77,160.48,160.37,159.69,"atr14:10.1%, rsi14:6.5%, ema9:5.4%"
404,DASH,SP500,"DoorDash, Inc.",Internet Retail,Consumer Cyclical,2026-08-24,229.06,225.94,-1.36,213.67,238.72,231.02,229.49,224.89,225.35,"rsi14:7.8%, atr14:7.2%, vol:4.1%"
405,MUSA,SP400,Murphy USA Inc.,Specialty Retail,Consumer Cyclical,2026-08-24,567.9,560.07,-1.38,535.39,585.85,559.57,556.0,554.09,554.25,"atr14:10.6%, rsi14:6.5%, ema9:5.5%"
406,ROL,SP500,"Rollins, Inc.",Personal Services,Consumer Cyclical,2026-08-24,37.26,36.75,-1.38,35.43,38.12,37.78,37.15,37.04,36.92,"atr14:9.2%, rsi14:5.8%, ema9:4.5%"
407,NXT,SP400,Nextpower Inc.,Solar,Technology,2026-08-24,84.72,83.54,-1.39,78.46,88.97,83.97,82.48,83.51,81.98,"atr14:9.1%, rsi14:7.9%, vol:4.5%"
408,KTOS,SP400,"Kratos Defense & Security Solutions, Inc.",Aerospace & Defense,Industrials,2026-08-24,53.07,52.33,-1.39,49.15,55.71,53.32,51.02,50.78,50.9,"atr14:7.9%, rsi14:7.6%, vol:4.6%"
409,PAG,SP400,"Penske Automotive Group, Inc.",Auto & Truck Dealerships,Consumer Cyclical,2026-08-24,218.07,215.03,-1.39,207.04,223.23,217.06,214.66,214.84,213.69,"atr14:9.8%, rsi14:6.6%, ema9:5.4%"
410,CNH,SP400,CNH Industrial N.V.,Farm & Heavy Construction Machinery,Industrials,2026-08-24,11.76,11.6,-1.4,11.13,12.08,11.53,11.41,11.35,11.34,"atr14:8.8%, rsi14:8.0%, vol:4.3%"
411,CENX,SP600,Century Aluminum Company,Aluminum,Basic Materials,2026-08-24,43.66,43.05,-1.4,40.59,45.66,41.94,40.69,40.67,41.04,"atr14:9.5%, rsi14:7.4%, vol:4.3%"
412,PAYC,SP600,"Paycom Software, Inc.",Software - Application,Technology,2026-08-24,229.62,226.4,-1.4,215.87,237.36,234.67,229.62,227.81,226.41,"rsi14:7.8%, atr14:6.9%, vol:4.1%"
413,SHC,SP400,Sotera Health Company,Diagnostics & Research,Healthcare,2026-08-24,19.17,18.9,-1.41,18.13,19.7,19.49,19.45,19.28,19.15,"rsi14:8.3%, atr14:6.1%, vol:4.3%"
414,EEFT,SP400,"Euronet Worldwide, Inc.",Software - Infrastructure,Technology,2026-08-24,70.2,69.21,-1.41,65.51,73.2,69.04,68.54,68.14,67.83,"rsi14:7.9%, atr14:6.8%, vol:4.3%"
415,KEYS,SP500,"Keysight Technologies, Inc.",Scientific & Technical Instruments,Technology,2026-08-24,310.66,306.26,-1.42,294.34,318.71,313.92,311.84,310.37,305.83,"atr14:9.8%, rsi14:7.2%, ema9:5.2%"
416,KLAC,SP500,KLA Corporation,Semiconductor Equipment & Materials,Technology,2026-08-24,181.57,178.99,-1.42,170.78,187.58,184.13,183.68,180.62,179.41,"atr14:8.7%, rsi14:7.6%, vol:5.1%"
417,CSGP,SP500,"CoStar Group, Inc.",Real Estate Services,Real Estate,2026-08-24,32.84,32.37,-1.42,31.12,33.69,32.82,31.62,31.31,31.42,"atr14:7.4%, rsi14:7.2%, vol:4.6%"
418,HLT,SP500,Hilton Worldwide Holdings Inc.,Lodging,Consumer Cyclical,2026-08-24,330.07,325.35,-1.43,314.34,336.7,329.47,325.96,324.47,325.16,"atr14:9.3%, rsi14:6.4%, ema9:5.7%"
419,MAA,SP500,"Mid-America Apartment Communities, Inc.",REIT - Residential,Real Estate,2026-08-24,133.16,131.25,-1.43,128.1,134.43,135.15,134.6,133.74,132.59,"atr14:6.5%, rsi14:6.2%, ema9:5.2%"
420,MSCI,SP500,MSCI Inc.,Financial Data & Stock Exchanges,Financial Services,2026-08-24,571.36,563.13,-1.44,543.02,583.9,571.87,562.1,560.68,560.32,"atr14:9.8%, rsi14:6.3%, ema9:5.6%"
421,ULTA,SP500,"Ulta Beauty, Inc.",Specialty Retail,Consumer Cyclical,2026-08-24,538.76,530.97,-1.44,509.21,553.55,540.57,537.4,536.29,532.62,"atr14:8.9%, rsi14:6.4%, ema9:5.1%"
422,ACT,SP600,"Enact Holdings, Inc.",Insurance - Specialty,Financial Services,2026-08-24,49.72,49.0,-1.45,47.8,50.24,49.14,48.98,48.98,48.87,"atr14:9.8%, rsi14:6.6%, ema9:5.4%"
423,NIC,SP600,"Nicolet Bankshares, Inc.",Banks - Regional,Financial Services,2026-08-24,172.94,170.43,-1.45,165.06,175.98,172.7,172.45,171.91,169.9,"atr14:9.2%, rsi14:7.5%, ema9:4.6%"
424,ACA,SP600,"Arcosa, Inc.",Engineering & Construction,Industrials,2026-08-24,145.27,143.16,-1.46,138.98,147.5,144.69,143.85,143.29,142.74,"atr14:8.1%, rsi14:6.1%, ema9:5.4%"
425,ANF,SP400,Abercrombie & Fitch Co.,Apparel Retail,Consumer Cyclical,2026-08-24,112.36,110.72,-1.46,104.38,117.38,113.07,112.24,111.58,109.68,"rsi14:8.0%, atr14:7.7%, vol:4.1%"
426,COR,SP500,"Cencora, Inc.",Medical Distribution,Healthcare,2026-08-24,323.77,319.01,-1.47,308.16,330.31,326.9,324.78,322.66,319.86,"atr14:9.3%, rsi14:6.5%, ema9:5.3%"
427,CHDN,SP400,Churchill Downs Incorporated,Gambling,Consumer Cyclical,2026-08-24,90.71,89.36,-1.49,85.47,93.41,90.76,89.09,88.51,87.03,"atr14:8.4%, rsi14:7.2%, ema9:4.8%"
428,KLIC,SP600,"Kulicke and Soffa Industries, Inc.",Semiconductor Equipment & Materials,Technology,2026-08-24,83.51,82.25,-1.51,76.5,88.37,87.24,87.36,85.63,82.95,"atr14:8.8%, rsi14:7.9%, vol:4.3%"
429,APOG,SP600,"Apogee Enterprises, Inc.",Building Products & Equipment,Industrials,2026-08-24,41.35,40.73,-1.51,38.71,42.86,40.94,40.64,40.32,40.19,"atr14:7.9%, rsi14:7.6%, vol:4.0%"
430,NEM,SP500,Newmont Corporation,Gold,Basic Materials,2026-08-24,131.84,129.83,-1.53,123.55,136.36,131.01,130.14,130.23,129.64,"atr14:9.2%, rsi14:7.1%, ema9:5.2%"
431,LULU,SP500,lululemon athletica inc.,Apparel Retail,Consumer Cyclical,2026-08-24,122.78,120.9,-1.53,115.18,126.89,121.51,120.63,120.5,119.39,"rsi14:7.4%, atr14:6.6%, close:4.7%"
432,PH,SP500,Parker-Hannifin Corporation,Specialty Industrial Machinery,Industrials,2026-08-24,1014.24,998.68,-1.53,972.76,1025.34,1023.08,1008.8,1001.57,988.25,"atr14:8.9%, rsi14:7.0%, ema9:5.6%"
433,ITGR,SP600,Integer Holdings Corporation,Medical Devices,Healthcare,2026-08-24,125.07,123.15,-1.54,119.05,127.39,124.96,123.97,123.65,122.18,"atr14:7.6%, rsi14:7.1%, ema9:5.1%"
434,STE,SP500,STERIS plc,Medical Devices,Healthcare,2026-08-24,237.87,234.2,-1.54,227.29,241.43,237.01,233.9,233.11,233.05,"atr14:9.0%, rsi14:7.2%, ema9:5.2%"
435,VLTO,SP500,Veralto Corporation,Pollution & Treatment Controls,Industrials,2026-08-24,99.37,97.83,-1.55,94.73,101.03,100.14,98.23,98.0,97.44,"atr14:7.8%, rsi14:7.1%, vol:4.7%"
436,CWEN,SP600,"Clearway Energy, Inc.",Utilities - Renewable,Utilities,2026-08-24,32.28,31.78,-1.56,30.36,33.25,32.42,32.03,32.02,32.11,"atr14:10.2%, rsi14:6.8%, ema9:5.4%"
437,SYK,SP500,Stryker Corporation,Medical Devices,Healthcare,2026-08-24,327.81,322.68,-1.57,312.51,333.2,330.87,325.16,323.28,321.75,"atr14:9.0%, rsi14:6.5%, ema9:5.3%"
438,GD,SP500,General Dynamics Corporation,Aerospace & Defense,Industrials,2026-08-24,383.77,377.73,-1.57,368.52,387.2,384.45,380.05,379.29,376.2,"atr14:9.9%, rsi14:6.0%, ema9:5.3%"
439,WAB,SP500,Westinghouse Air Brake Technologies Corporation,Railroads,Industrials,2026-08-24,297.62,292.93,-1.58,284.42,301.66,294.09,289.25,289.77,287.72,"atr14:10.0%, rsi14:6.7%, ema9:5.5%"
440,FN,SP400,Fabrinet,Electronic Components,Technology,2026-08-24,421.14,414.47,-1.58,390.06,440.38,421.23,411.13,406.16,403.33,"atr14:9.3%, rsi14:7.8%, vol:4.5%"
441,ICE,SP500,"Intercontinental Exchange, Inc.",Financial Data & Stock Exchanges,Financial Services,2026-08-24,162.99,160.4,-1.59,154.81,166.13,163.77,162.71,162.52,161.52,"atr14:8.9%, rsi14:6.2%, ema9:5.2%"
442,VNT,SP400,Vontier Corporation,Scientific & Technical Instruments,Technology,2026-08-24,33.24,32.71,-1.6,31.58,33.88,33.11,32.83,32.72,32.64,"rsi14:8.1%, atr14:7.5%, vol:4.3%"
443,UNFI,SP600,"United Natural Foods, Inc.",Food Distribution,Consumer Defensive,2026-08-24,48.54,47.76,-1.6,44.97,50.74,48.78,48.19,47.88,47.65,"atr14:8.9%, rsi14:7.4%, vol:3.9%"
444,MA,SP500,Mastercard Incorporated,Credit Services,Financial Services,2026-08-24,599.86,590.17,-1.61,572.34,608.5,603.83,596.7,594.22,588.25,"atr14:8.4%, rsi14:6.5%, ema9:5.6%"
445,KNSL,SP400,"Kinsale Capital Group, Inc.",Insurance - Property & Casualty,Financial Services,2026-08-24,395.51,389.07,-1.63,371.01,407.74,395.71,391.63,389.67,387.97,"atr14:8.0%, rsi14:6.7%, ema9:5.0%"
446,EBAY,SP500,eBay Inc.,Internet Retail,Consumer Cyclical,2026-08-24,107.08,105.33,-1.63,100.83,110.05,107.03,106.0,105.31,105.18,"atr14:9.9%, rsi14:6.3%, ema9:5.6%"
447,SXT,SP600,Sensient Technologies Corporation,Specialty Chemicals,Basic Materials,2026-08-24,137.45,135.17,-1.66,131.32,139.15,136.38,135.37,135.23,134.47,"atr14:9.4%, rsi14:7.2%, ema9:5.5%"
448,MPC,SP500,Marathon Petroleum Corporation,Oil & Gas Refining & Marketing,Energy,2026-08-24,362.52,356.47,-1.67,341.56,371.92,355.43,351.79,351.4,351.92,"atr14:9.7%, rsi14:7.2%, ema9:5.3%"
449,KHC,SP500,The Kraft Heinz Company,Packaged Foods,Consumer Defensive,2026-08-24,25.67,25.24,-1.69,24.34,26.17,25.46,25.38,25.27,25.15,"rsi14:7.6%, atr14:6.3%, vol:4.1%"
450,CPAY,SP500,"Corpay, Inc.",Software - Infrastructure,Technology,2026-08-24,414.54,407.39,-1.73,395.76,419.38,411.87,405.27,404.89,403.07,"atr14:7.8%, rsi14:7.1%, ema9:5.8%"
451,ADSK,SP500,"Autodesk, Inc.",Software - Application,Technology,2026-08-24,254.42,250.02,-1.73,240.61,259.73,254.45,248.13,247.13,245.49,"atr14:9.3%, rsi14:6.9%, ema9:4.8%"
452,CR,SP400,Crane Company,Specialty Industrial Machinery,Industrials,2026-08-24,206.33,202.76,-1.73,194.98,210.77,204.29,202.26,200.96,201.98,"atr14:9.6%, rsi14:6.9%, ema9:5.4%"
453,TER,SP500,"Teradyne, Inc.",Semiconductor Equipment & Materials,Technology,2026-08-24,364.9,358.41,-1.78,338.72,379.13,371.21,369.04,361.65,354.76,"atr14:9.0%, rsi14:7.9%, vol:4.5%"
454,LMAT,SP600,"LeMaitre Vascular, Inc.",Medical Instruments & Supplies,Healthcare,2026-08-24,79.96,78.54,-1.78,74.63,82.67,81.57,81.57,80.33,79.46,"atr14:8.8%, rsi14:6.3%, ema9:5.2%"
455,BDX,SP500,"Becton, Dickinson and Company",Medical Instruments & Supplies,Healthcare,2026-08-24,190.74,187.31,-1.8,182.21,192.6,192.31,191.16,189.83,186.86,"atr14:7.2%, rsi14:6.7%, ema9:5.2%"
456,DRI,SP500,"Darden Restaurants, Inc.",Restaurants,Consumer Cyclical,2026-08-24,225.56,221.5,-1.8,213.23,230.0,225.24,223.77,223.4,223.12,"atr14:9.7%, rsi14:6.4%, ema9:5.6%"
457,MYRG,SP600,MYR Group Inc.,Engineering & Construction,Industrials,2026-08-24,305.27,299.76,-1.81,280.35,320.44,316.27,312.99,311.8,310.51,"atr14:9.8%, rsi14:7.3%, ema9:4.4%"
458,WINA,SP600,Winmark Corporation,Specialty Retail,Consumer Cyclical,2026-08-24,350.81,344.46,-1.81,329.28,360.2,352.53,351.22,349.95,347.03,"atr14:9.1%, rsi14:6.2%, ema9:5.2%"
459,PBH,SP600,Prestige Consumer Healthcare Inc.,Drug Manufacturers - Specialty & Generic,Healthcare,2026-08-24,52.02,51.08,-1.81,48.92,53.32,51.51,51.27,51.13,50.8,"atr14:9.4%, rsi14:7.0%, vol:4.0%"
460,GOOGL,SP500,Alphabet Inc.,Internet Content & Information,Communication Services,2026-08-24,348.06,341.73,-1.82,329.36,354.47,348.96,344.55,343.21,340.53,"atr14:9.4%, rsi14:6.2%, ema9:5.4%"
461,VSXY,SP600,Victorias Secret & Co.,Apparel Retail,Consumer Cyclical,2026-08-24,87.12,85.53,-1.83,78.89,92.71,87.96,85.18,84.21,83.15,"atr14:8.9%, rsi14:8.0%, vol:4.3%"
462,DCI,SP400,"Donaldson Company, Inc.",Specialty Industrial Machinery,Industrials,2026-08-24,92.43,90.74,-1.83,88.39,93.16,93.06,92.03,91.68,90.23,"atr14:8.3%, rsi14:6.2%, ema9:5.3%"
463,WU,SP600,The Western Union Company,Credit Services,Financial Services,2026-08-24,7.32,7.19,-1.83,6.91,7.48,7.15,7.13,7.08,7.09,"rsi14:8.0%, atr14:6.5%, vol:4.5%"
464,ENSG,SP400,"The Ensign Group, Inc.",Medical Care Facilities,Healthcare,2026-08-24,179.37,176.05,-1.85,169.32,182.95,180.86,178.12,176.91,175.27,"atr14:9.8%, rsi14:6.1%, ema9:4.8%"
465,ABBV,SP500,AbbVie Inc.,Drug Manufacturers - General,Healthcare,2026-08-24,264.52,259.63,-1.85,250.83,268.65,261.18,259.85,259.15,258.93,"atr14:9.6%, rsi14:6.7%, ema9:5.6%"
466,HALO,SP400,"Halozyme Therapeutics, Inc.",Biotechnology,Healthcare,2026-08-24,108.64,106.61,-1.86,101.82,111.54,110.48,110.71,109.52,107.14,"atr14:8.6%, rsi14:6.2%, ema9:5.1%"
467,SCI,SP400,Service Corporation International,Personal Services,Consumer Cyclical,2026-08-24,84.23,82.66,-1.86,80.25,85.14,84.82,84.01,83.66,83.1,"atr14:8.9%, rsi14:6.0%, ema9:5.4%"
468,IFF,SP500,International Flavors & Fragrances Inc.,Specialty Chemicals,Basic Materials,2026-08-24,85.81,84.2,-1.87,81.68,86.82,85.77,84.79,84.56,83.61,"rsi14:7.7%, atr14:7.2%, ema9:4.3%"
469,CVNA,SP500,Carvana Co.,Auto & Truck Dealerships,Consumer Cyclical,2026-08-24,72.33,70.95,-1.9,66.14,76.01,71.71,70.37,67.95,70.47,"atr14:9.3%, rsi14:7.2%, ema9:4.9%"
470,LHX,SP500,"L3Harris Technologies, Inc.",Aerospace & Defense,Industrials,2026-08-24,262.83,257.83,-1.9,249.63,266.23,267.11,263.07,261.41,258.17,"atr14:9.1%, rsi14:6.0%, ema9:5.2%"
471,HLNE,SP400,Hamilton Lane Incorporated,Asset Management,Financial Services,2026-08-24,105.2,103.19,-1.91,99.33,107.17,105.33,103.8,103.33,102.51,"atr14:7.7%, rsi14:7.5%, vol:4.5%"
472,ATMU,SP600,Atmus Filtration Technologies Inc.,Auto Parts,Consumer Cyclical,2026-08-24,48.13,47.21,-1.91,45.29,49.18,48.69,48.43,47.85,47.33,"atr14:8.8%, rsi14:6.5%, ema9:5.2%"
473,KKR,SP500,KKR & Co. Inc.,Asset Management,Financial Services,2026-08-24,107.32,105.27,-1.91,101.43,109.24,106.79,105.17,104.89,104.25,"rsi14:8.0%, atr14:7.6%, vol:4.1%"
474,FHI,SP400,"Federated Hermes, Inc.",Asset Management,Financial Services,2026-08-24,64.72,63.48,-1.92,61.84,65.16,64.27,63.7,63.68,63.34,"atr14:10.4%, rsi14:6.1%, ema9:5.3%"
475,NVDA,SP500,NVIDIA Corporation,Semiconductors,Technology,2026-08-24,208.48,204.48,-1.92,195.13,214.17,208.7,207.92,206.95,202.8,"atr14:9.3%, rsi14:7.3%, ema9:5.2%"
476,GPN,SP500,Global Payments Inc.,Specialty Business Services,Industrials,2026-08-24,94.3,92.48,-1.93,89.3,95.74,93.57,92.89,92.18,91.76,"rsi14:8.3%, atr14:6.5%, macd:4.7%"
477,ALHC,SP600,"Alignment Healthcare, Inc.",Healthcare Plans,Healthcare,2026-08-24,13.43,13.17,-1.93,11.9,14.56,14.26,14.28,14.13,13.95,"atr14:7.8%, rsi14:7.8%, vol:4.6%"
478,WERN,SP600,"Werner Enterprises, Inc.",Trucking,Industrials,2026-08-24,37.67,36.94,-1.94,35.33,38.64,37.6,37.26,37.14,37.03,"atr14:9.5%, rsi14:6.6%, ema9:5.6%"
479,ZTS,SP500,Zoetis Inc.,Drug Manufacturers - Specialty & Generic,Healthcare,2026-08-24,77.17,75.67,-1.95,73.02,78.41,77.51,76.65,75.91,75.93,"rsi14:7.5%, atr14:7.2%, vol:4.7%"
480,MMSI,SP600,"Merit Medical Systems, Inc.",Medical Instruments & Supplies,Healthcare,2026-08-24,90.28,88.52,-1.95,84.95,92.2,90.93,90.54,90.0,88.62,"atr14:7.6%, rsi14:6.9%, ema9:5.0%"
481,OSIS,SP600,"OSI Systems, Inc.",Electronic Components,Technology,2026-08-24,204.05,200.01,-1.98,192.76,207.51,204.68,201.28,200.1,196.89,"atr14:9.1%, rsi14:6.6%, ema9:5.0%"
482,HSY,SP500,The Hershey Company,Confectioners,Consumer Defensive,2026-08-24,189.94,186.18,-1.98,180.18,192.38,190.14,188.31,187.86,187.73,"atr14:8.6%, rsi14:6.3%, ema9:5.1%"
483,VST,SP500,Vistra Corp.,Utilities - Independent Power Producers,Utilities,2026-08-24,135.66,132.97,-1.98,126.9,139.25,135.75,135.3,134.89,134.2,"atr14:8.2%, rsi14:6.9%, ema9:5.4%"
484,NTST,SP600,NETSTREIT Corp.,REIT - Retail,Real Estate,2026-08-24,20.8,20.39,-1.99,19.79,20.99,20.69,20.62,20.6,20.5,"atr14:8.0%, rsi14:6.1%, ema9:5.5%"
485,HQY,SP400,"HealthEquity, Inc.",Health Information Services,Healthcare,2026-08-24,105.4,103.29,-2.0,98.49,108.19,105.85,104.67,104.41,103.31,"atr14:7.5%, rsi14:7.3%, ema9:5.5%"
486,SFM,SP400,"Sprouts Farmers Market, Inc.",Grocery Stores,Consumer Defensive,2026-08-24,86.13,84.4,-2.01,80.52,88.45,86.11,85.08,84.77,84.4,"atr14:8.3%, rsi14:7.6%, vol:4.1%"
487,FCN,SP400,"FTI Consulting, Inc.",Consulting Services,Industrials,2026-08-24,155.52,152.39,-2.01,145.8,159.24,155.88,152.39,151.63,151.47,"atr14:8.5%, rsi14:6.6%, ema9:5.1%"
488,WCC,SP400,"WESCO International, Inc.",Industrial Distribution,Industrials,2026-08-24,337.01,330.14,-2.04,317.22,343.5,331.47,328.84,328.81,327.8,"atr14:9.9%, rsi14:7.4%, ema9:4.9%"
489,SLB,SP500,SLB N.V.,Oil & Gas Equipment & Services,Energy,2026-08-24,54.0,52.9,-2.04,50.79,55.09,52.03,50.88,50.85,51.32,"rsi14:7.7%, atr14:6.5%, vol:4.5%"
490,CPT,SP500,Camden Property Trust,REIT - Residential,Real Estate,2026-08-24,109.15,106.92,-2.04,104.09,109.78,110.77,110.33,109.48,108.06,"rsi14:6.4%, atr14:6.3%, ema9:5.2%"
491,AMT,SP500,American Tower Corporation,REIT - Specialty,Real Estate,2026-08-24,178.39,174.74,-2.05,169.07,180.55,177.47,175.84,175.45,175.35,"rsi14:7.0%, atr14:6.8%, ema9:5.3%"
492,ACHC,SP600,"Acadia Healthcare Company, Inc.",Medical Care Facilities,Healthcare,2026-08-24,28.72,28.13,-2.06,26.54,29.79,29.07,29.16,29.04,28.72,"rsi14:8.0%, atr14:7.1%, vol:4.7%"
493,UA,SP600,"Under Armour, Inc.",Apparel Manufacturing,Consumer Cyclical,2026-08-24,5.23,5.12,-2.09,4.72,5.53,5.16,5.08,5.09,5.07,"rsi14:7.8%, close:6.7%, atr14:6.4%"
494,JCI,SP500,Johnson Controls International plc,Building Products & Equipment,Industrials,2026-08-24,142.99,140.0,-2.09,135.6,144.52,141.59,139.64,139.47,139.38,"atr14:10.2%, rsi14:6.2%, ema9:5.4%"
495,ALV,SP400,"Autoliv, Inc.",Auto Parts,Consumer Cyclical,2026-08-24,123.18,120.59,-2.1,116.28,125.05,120.63,119.39,119.77,119.56,"atr14:10.2%, rsi14:6.8%, ema9:5.6%"
496,VRSN,SP500,"VeriSign, Inc.",Software - Infrastructure,Technology,2026-08-24,290.79,284.68,-2.1,275.96,293.6,287.15,285.26,285.11,283.76,"atr14:8.8%, rsi14:6.6%, ema9:5.7%"
497,ALRM,SP600,"Alarm.com Holdings, Inc.",Software - Application,Technology,2026-08-24,57.58,56.36,-2.13,54.14,58.62,57.68,57.04,56.73,55.98,"rsi14:7.6%, atr14:6.5%, ema9:4.4%"
498,PEP,SP500,"PepsiCo, Inc.",Beverages - Non-Alcoholic,Consumer Defensive,2026-08-24,144.67,141.58,-2.14,137.39,145.94,146.06,145.26,144.29,143.64,"atr14:7.3%, rsi14:6.0%, ema9:5.1%"
499,PTC,SP500,PTC Inc.,Software - Application,Technology,2026-08-24,154.31,151.01,-2.14,145.45,156.74,154.1,150.55,150.11,149.49,"atr14:9.5%, rsi14:6.8%, vol:4.0%"
500,LGND,SP600,Ligand Pharmaceuticals Incorporated,Biotechnology,Healthcare,2026-08-24,280.18,274.18,-2.14,258.76,290.22,284.58,281.64,280.27,278.44,"atr14:10.5%, rsi14:6.5%, ema9:5.3%"
501,FERG,SP500,Ferguson Enterprises Inc.,Industrial Distribution,Industrials,2026-08-24,236.45,231.38,-2.14,223.47,239.54,238.13,235.39,232.51,230.06,"atr14:9.6%, rsi14:7.0%, ema9:5.2%"
502,GEN,SP500,Gen Digital Inc.,Software - Infrastructure,Technology,2026-08-24,29.11,28.48,-2.15,27.49,29.52,28.88,28.42,28.41,28.27,"atr14:7.4%, rsi14:6.6%, ema9:5.4%"
503,DGII,SP600,Digi International Inc.,Communication Equipment,Technology,2026-08-24,73.92,72.33,-2.15,68.05,76.8,76.03,76.37,75.96,76.02,"atr14:9.8%, rsi14:6.7%, ema9:5.3%"
504,ARWR,SP400,"Arrowhead Pharmaceuticals, Inc.",Biotechnology,Healthcare,2026-08-24,86.73,84.86,-2.15,79.38,90.63,86.99,86.55,85.62,84.84,"atr14:9.4%, rsi14:7.0%, ema9:5.6%"
505,AMGN,SP500,Amgen Inc.,Drug Manufacturers - General,Healthcare,2026-08-24,443.84,434.27,-2.16,419.59,449.3,444.51,442.35,441.08,437.86,"atr14:9.4%, rsi14:6.0%, ema9:5.2%"
506,ISRG,SP500,"Intuitive Surgical, Inc.",Medical Instruments & Supplies,Healthcare,2026-08-24,373.57,365.51,-2.16,350.79,380.67,381.24,380.11,375.89,368.24,"atr14:7.7%, rsi14:6.4%, ema9:5.1%"
507,RAMP,SP600,"LiveRamp Holdings, Inc.",Software - Infrastructure,Technology,2026-08-24,37.63,36.81,-2.18,35.56,38.13,38.29,37.97,37.68,37.51,"rsi14:6.7%, atr14:5.5%, high:4.6%"
508,OMC,SP500,Omnicom Group Inc.,Advertising Agencies,Communication Services,2026-08-24,88.94,87.0,-2.18,84.44,89.65,87.89,86.67,86.27,85.52,"atr14:9.1%, rsi14:6.9%, ema9:5.2%"
509,ROIV,SP400,Roivant Sciences Ltd.,Biotechnology,Healthcare,2026-08-24,36.36,35.56,-2.19,33.51,37.7,36.69,36.59,36.26,35.85,"atr14:9.4%, rsi14:6.8%, ema9:5.6%"
510,SHOO,SP600,"Steven Madden, Ltd.",Footwear & Accessories,Consumer Cyclical,2026-08-24,45.91,44.9,-2.19,42.82,47.06,45.63,44.88,44.69,44.51,"atr14:8.7%, rsi14:6.7%, ema9:5.6%"
511,JNJ,SP500,Johnson & Johnson,Drug Manufacturers - General,Healthcare,2026-08-24,273.04,267.04,-2.2,259.77,274.42,273.7,272.25,271.34,269.77,"atr14:9.7%, rsi14:5.6%, ema9:5.3%"
512,WSM,SP500,"Williams-Sonoma, Inc.",Specialty Retail,Consumer Cyclical,2026-08-24,237.77,232.53,-2.2,222.09,243.28,239.03,239.18,239.15,237.72,"atr14:8.3%, rsi14:7.4%, ema9:5.5%"
513,MCD,SP500,McDonald's Corporation,Restaurants,Consumer Cyclical,2026-08-24,272.54,266.53,-2.2,258.38,274.95,274.44,272.48,271.51,270.43,"atr14:7.5%, rsi14:6.0%, ema9:5.5%"
514,LH,SP500,Labcorp Holdings Inc.,Diagnostics & Research,Healthcare,2026-08-24,339.34,331.84,-2.21,322.72,341.16,341.95,339.41,338.2,335.71,"atr14:8.8%, rsi14:6.1%, ema9:5.3%"
515,KR,SP500,The Kroger Co.,Grocery Stores,Consumer Defensive,2026-08-24,59.08,57.77,-2.21,55.59,60.05,58.79,58.07,57.88,57.85,"atr14:9.9%, rsi14:6.0%, ema9:5.1%"
516,CAT,SP500,Caterpillar Inc.,Farm & Heavy Construction Machinery,Industrials,2026-08-24,811.02,792.99,-2.22,763.63,823.39,807.1,801.27,800.73,792.49,"atr14:9.5%, rsi14:7.4%, ema9:4.9%"
517,ETR,SP500,Entergy Corporation,Utilities - Regulated Electric,Utilities,2026-08-24,105.79,103.39,-2.27,100.2,106.68,107.37,105.87,105.16,105.1,"atr14:8.6%, rsi14:5.6%, ema9:5.5%"
518,CROX,SP400,"Crocs, Inc.",Footwear & Accessories,Consumer Cyclical,2026-08-24,125.84,122.97,-2.28,116.43,129.68,126.98,125.56,124.44,122.74,"atr14:8.4%, rsi14:7.4%, ema9:5.2%"
519,NUE,SP500,Nucor Corporation,Steel,Basic Materials,2026-08-24,244.64,239.05,-2.29,232.02,246.28,239.93,238.7,238.53,237.49,"atr14:10.1%, rsi14:6.5%, ema9:5.4%"
520,TTEK,SP400,"Tetra Tech, Inc.",Engineering & Construction,Industrials,2026-08-24,36.86,36.01,-2.29,34.8,37.26,37.63,36.74,36.59,35.87,"atr14:9.1%, rsi14:7.1%, vol:4.5%"
521,DORM,SP600,"Dorman Products, Inc.",Auto Parts,Consumer Cyclical,2026-08-24,131.09,128.07,-2.31,121.66,134.76,132.36,131.31,130.51,128.75,"atr14:9.1%, rsi14:6.8%, ema9:5.4%"
522,CAH,SP500,"Cardinal Health, Inc.",Medical Distribution,Healthcare,2026-08-24,232.37,226.98,-2.32,219.8,234.34,232.8,231.31,230.18,229.0,"atr14:9.7%, rsi14:6.2%, ema9:5.4%"
523,CNXN,SP600,"PC Connection, Inc.",Electronics & Computer Distribution,Technology,2026-08-24,76.71,74.93,-2.32,72.14,77.82,76.31,75.67,75.66,75.12,"atr14:9.6%, rsi14:5.9%, ema9:5.2%"
524,AVAV,SP400,"AeroVironment, Inc.",Aerospace & Defense,Industrials,2026-08-24,148.2,144.75,-2.33,137.44,152.44,148.09,142.85,142.65,141.59,"rsi14:8.0%, atr14:7.8%, close:5.0%"
525,EVTC,SP600,"EVERTEC, Inc.",Software - Infrastructure,Technology,2026-08-24,29.56,28.87,-2.33,27.66,30.12,29.44,29.14,29.11,28.83,"atr14:8.3%, rsi14:8.0%, vol:4.3%"
526,PSX,SP500,Phillips 66,Oil & Gas Refining & Marketing,Energy,2026-08-24,241.96,236.3,-2.34,227.81,245.12,234.76,232.75,231.38,231.94,"atr14:10.2%, rsi14:7.0%, ema9:5.4%"
527,NFLX,SP500,"Netflix, Inc.",Entertainment,Communication Services,2026-08-24,80.01,78.13,-2.35,74.41,81.94,78.94,78.57,78.2,78.08,"atr14:8.4%, rsi14:6.3%, ema9:4.8%"
528,ITW,SP500,Illinois Tool Works Inc.,Specialty Industrial Machinery,Industrials,2026-08-24,283.95,277.28,-2.35,270.55,284.17,285.44,280.94,279.63,275.16,"atr14:8.0%, rsi14:6.5%, ema9:5.6%"
529,RTX,SP500,RTX Corporation,Aerospace & Defense,Industrials,2026-08-24,209.22,204.3,-2.35,199.27,209.43,209.69,205.95,204.82,202.01,"atr14:10.0%, rsi14:6.3%, ema9:5.3%"
530,IDXX,SP500,"IDEXX Laboratories, Inc.",Diagnostics & Research,Healthcare,2026-08-24,559.51,546.28,-2.37,527.05,565.92,560.23,548.91,545.51,545.4,"atr14:10.1%, rsi14:6.4%, ema9:5.2%"
531,KNF,SP400,Knife River Corporation,Building Materials,Basic Materials,2026-08-24,63.66,62.14,-2.39,59.17,65.2,65.89,65.24,64.61,63.51,"atr14:8.1%, rsi14:8.0%, vol:4.6%"
532,MCO,SP500,Moody's Corporation,Financial Data & Stock Exchanges,Financial Services,2026-08-24,511.35,499.12,-2.39,481.15,517.57,520.35,515.8,511.68,506.52,"atr14:8.8%, rsi14:6.1%, ema9:5.4%"
533,PSA,SP500,Public Storage,REIT - Industrial,Real Estate,2026-08-24,324.97,317.2,-2.39,308.21,326.3,328.33,327.12,325.25,322.73,"atr14:9.0%, rsi14:5.5%, ema9:5.4%"
534,TDY,SP500,Teledyne Technologies Incorporated,Scientific & Technical Instruments,Technology,2026-08-24,625.21,610.2,-2.4,592.32,628.47,630.23,617.99,614.73,609.05,"atr14:9.5%, rsi14:6.6%, ema9:5.7%"
535,CRBG,SP400,"Corebridge Financial, Inc.",Asset Management,Financial Services,2026-08-24,31.96,31.19,-2.4,30.13,32.28,31.69,31.58,31.58,31.27,"rsi14:7.7%, atr14:6.9%, ema9:5.0%"
536,WTW,SP500,Willis Towers Watson Public Limited Company,Insurance Brokers,Financial Services,2026-08-24,350.75,342.29,-2.41,331.98,352.94,354.28,351.28,349.11,344.77,"atr14:8.8%, rsi14:6.7%, ema9:5.4%"
537,SHW,SP500,The Sherwin-Williams Company,Specialty Chemicals,Basic Materials,2026-08-24,346.73,338.36,-2.41,326.74,350.3,351.14,347.21,344.54,341.43,"atr14:9.4%, rsi14:6.1%, ema9:5.3%"
538,NHC,SP600,National HealthCare Corporation,Medical Care Facilities,Healthcare,2026-08-24,228.38,222.86,-2.42,214.23,231.77,226.64,223.51,223.02,223.21,"atr14:9.9%, rsi14:6.9%, ema9:5.5%"
539,JKHY,SP500,"Jack Henry & Associates, Inc.",Information Technology Services,Technology,2026-08-24,170.51,166.39,-2.42,161.53,171.38,172.7,169.23,168.53,166.52,"atr14:7.6%, rsi14:6.4%, ema9:5.1%"
540,AEO,SP600,"American Eagle Outfitters, Inc.",Apparel Retail,Consumer Cyclical,2026-08-24,16.87,16.46,-2.43,15.52,17.44,16.92,16.69,16.56,16.42,"atr14:8.3%, rsi14:7.8%, vol:4.1%"
541,V,SP500,Visa Inc.,Credit Services,Financial Services,2026-08-24,382.41,373.04,-2.45,361.39,384.96,384.33,380.09,378.0,373.78,"atr14:8.1%, rsi14:6.4%, ema9:5.7%"
542,CME,SP500,CME Group Inc.,Financial Data & Stock Exchanges,Financial Services,2026-08-24,279.17,272.28,-2.47,262.83,281.95,279.54,275.82,275.22,273.08,"atr14:8.5%, rsi14:6.8%, ema9:5.5%"
543,TOL,SP400,"Toll Brothers, Inc.",Residential Construction,Consumer Cyclical,2026-08-24,147.45,143.8,-2.47,137.76,150.01,147.91,146.98,146.09,145.32,"atr14:10.3%, rsi14:6.3%, ema9:5.5%"
544,J,SP500,Jacobs Solutions Inc.,Engineering & Construction,Industrials,2026-08-24,151.61,147.82,-2.5,143.27,152.51,150.82,149.08,149.12,146.99,"atr14:9.8%, rsi14:6.8%, ema9:5.3%"
545,MRVL,SP500,"Marvell Technology, Inc.",Semiconductors,Technology,2026-08-24,229.29,223.51,-2.52,208.52,239.38,235.13,233.7,232.85,227.92,"atr14:8.8%, rsi14:7.9%, vol:4.6%"
546,TFIN,SP600,"Triumph Financial, Inc.",Banks - Regional,Financial Services,2026-08-24,73.72,71.86,-2.52,68.38,75.45,73.66,73.44,72.95,72.74,"rsi14:7.9%, atr14:7.7%, ema9:4.1%"
547,OMCL,SP600,"Omnicell, Inc.",Health Information Services,Healthcare,2026-08-24,34.66,33.78,-2.53,31.8,35.88,34.55,34.67,34.33,34.25,"rsi14:7.9%, atr14:6.9%, close:5.5%"
548,NWSA,SP500,News Corporation,Entertainment,Communication Services,2026-08-24,30.76,29.98,-2.53,28.93,31.06,30.41,29.79,29.8,29.72,"atr14:9.4%, rsi14:6.9%, ema9:5.5%"
549,BG,SP500,Bunge Global SA,Farm Products,Consumer Defensive,2026-08-24,110.16,107.37,-2.54,103.24,111.63,107.08,106.42,106.14,105.92,"atr14:10.2%, rsi14:6.5%, ema9:5.6%"
550,GTES,SP600,Gates Industrial Corporation Ltd.,Specialty Industrial Machinery,Industrials,2026-08-24,26.03,25.37,-2.55,24.42,26.34,25.71,25.43,25.37,25.33,"atr14:9.5%, rsi14:7.5%, ema9:4.9%"
551,OLLI,SP400,"Ollie's Bargain Outlet Holdings, Inc.",Discount Stores,Consumer Defensive,2026-08-24,76.35,74.4,-2.56,69.96,79.02,76.64,75.39,75.14,75.05,"atr14:8.1%, rsi14:7.6%, vol:4.5%"
552,MLI,SP400,"Mueller Industries, Inc.",Metal Fabrication,Industrials,2026-08-24,63.45,61.8,-2.59,59.9,63.75,62.58,62.02,61.94,61.62,"atr14:9.9%, rsi14:7.0%, ema9:5.5%"
553,CMCSA,SP500,Comcast Corporation,Telecom Services,Communication Services,2026-08-24,27.02,26.32,-2.6,25.51,27.16,26.57,26.28,26.15,25.91,"atr14:7.2%, rsi14:6.9%, ema9:4.6%"
554,PENN,SP600,"PENN Entertainment, Inc.",Resorts & Casinos,Consumer Cyclical,2026-08-24,18.26,17.78,-2.61,16.78,18.86,18.39,18.2,18.04,17.93,"rsi14:7.8%, atr14:6.4%, close:5.0%"
555,ITRI,SP600,"Itron, Inc.",Scientific & Technical Instruments,Technology,2026-08-24,98.69,96.11,-2.61,92.17,100.18,97.82,96.87,95.98,94.94,"rsi14:7.8%, atr14:7.4%, vol:4.4%"
556,CG,SP400,The Carlyle Group Inc.,Asset Management,Financial Services,2026-08-24,49.14,47.85,-2.63,46.18,49.56,48.84,47.97,47.85,47.56,"atr14:8.2%, rsi14:7.2%, ema9:5.0%"
557,PM,SP500,Philip Morris International Inc.,Tobacco,Consumer Defensive,2026-08-24,191.46,186.41,-2.64,179.56,193.48,188.99,187.88,187.44,187.92,"atr14:10.1%, rsi14:7.1%, ema9:5.5%"
558,TXRH,SP400,"Texas Roadhouse, Inc.",Restaurants,Consumer Cyclical,2026-08-24,205.29,199.87,-2.64,191.4,208.61,205.84,204.04,203.28,202.36,"atr14:9.8%, rsi14:6.2%, ema9:5.3%"
559,MCK,SP500,McKesson Corporation,Medical Distribution,Healthcare,2026-08-24,873.79,850.69,-2.64,820.79,881.24,869.82,856.55,852.01,849.22,"atr14:9.0%, rsi14:7.2%, ema9:5.3%"
560,PSMT,SP600,"PriceSmart, Inc.",Discount Stores,Consumer Defensive,2026-08-24,174.86,170.21,-2.66,163.03,177.65,174.45,172.89,172.41,171.54,"atr14:9.8%, rsi14:6.1%, ema9:5.4%"
561,SAH,SP600,"Sonic Automotive, Inc.",Auto & Truck Dealerships,Consumer Cyclical,2026-08-24,75.32,73.32,-2.66,69.7,77.0,73.95,73.1,72.76,72.27,"atr14:8.8%, rsi14:7.1%, ema9:5.1%"
562,NWS,SP500,News Corporation,Entertainment,Communication Services,2026-08-24,35.05,34.11,-2.67,32.91,35.35,34.49,33.89,33.8,33.8,"atr14:9.4%, rsi14:6.8%, ema9:5.6%"
563,MKTX,SP600,MarketAxess Holdings Inc.,Capital Markets,Financial Services,2026-08-24,162.46,158.1,-2.68,151.58,164.85,160.99,160.15,158.98,157.98,"rsi14:7.0%, atr14:6.2%, vol:4.4%"
564,STLD,SP500,"Steel Dynamics, Inc.",Steel,Basic Materials,2026-08-24,229.27,223.09,-2.69,215.22,231.21,222.11,221.04,220.55,220.45,"atr14:10.0%, rsi14:6.7%, ema9:5.5%"
565,RGLD,SP400,"Royal Gold, Inc.",Gold,Basic Materials,2026-08-24,263.75,256.61,-2.71,244.15,269.33,265.24,262.29,261.37,259.17,"atr14:8.6%, rsi14:7.1%, ema9:5.1%"
566,COHR,SP500,Coherent Corp.,Scientific & Technical Instruments,Technology,2026-08-24,275.49,268.03,-2.71,250.98,286.08,278.21,272.88,271.25,266.82,"atr14:9.3%, rsi14:7.8%, vol:4.4%"
567,APG,SP400,APi Group Corporation,Engineering & Construction,Industrials,2026-08-24,40.72,39.62,-2.71,37.85,41.44,40.9,39.97,39.51,39.6,"atr14:9.6%, rsi14:7.4%, ema9:4.4%"
568,RRR,SP600,"Red Rock Resorts, Inc.",Resorts & Casinos,Consumer Cyclical,2026-08-24,60.78,59.13,-2.72,56.49,61.82,60.32,59.38,59.16,58.89,"atr14:9.5%, rsi14:6.8%, ema9:5.7%"
569,GRMN,SP500,Garmin Ltd.,Scientific & Technical Instruments,Technology,2026-08-24,291.25,283.32,-2.72,272.66,294.3,294.76,291.16,290.09,285.85,"atr14:9.0%, rsi14:6.7%, ema9:5.4%"
570,DOCU,SP400,"DocuSign, Inc.",Software - Application,Technology,2026-08-24,62.56,60.85,-2.73,57.63,64.21,63.15,61.32,59.2,60.08,"rsi14:7.6%, atr14:5.3%, vol:4.0%"
571,HP,SP600,"Helmerich & Payne, Inc.",Oil & Gas Drilling,Energy,2026-08-24,42.49,41.32,-2.74,39.47,43.27,41.21,40.03,39.78,40.16,"atr14:9.0%, rsi14:7.5%, ema9:4.1%"
572,FLS,SP400,Flowserve Corporation,Specialty Industrial Machinery,Industrials,2026-08-24,80.46,78.23,-2.77,75.56,80.98,77.15,76.89,76.46,76.11,"atr14:9.7%, rsi14:7.2%, ema9:5.1%"
573,MATW,SP600,Matthews International Corporation,Conglomerates,Industrials,2026-08-24,21.22,20.63,-2.78,19.72,21.62,20.86,20.86,20.78,20.97,"rsi14:7.8%, atr14:6.6%, vol:4.3%"
574,CRSR,SP600,"Corsair Gaming, Inc.",Computer Hardware,Technology,2026-08-24,10.91,10.61,-2.79,10.06,11.16,10.75,10.47,10.41,10.34,"rsi14:8.1%, close:6.6%, atr14:6.6%"
575,VRTS,SP600,"Virtus Investment Partners, Inc.",Asset Management,Financial Services,2026-08-24,168.4,163.67,-2.81,157.14,170.38,165.23,164.07,163.7,162.22,"atr14:8.4%, rsi14:7.3%, ema9:4.6%"
576,MOG.A,<UNKNOWN>,Moog Inc.,Aerospace & Defense,Industrials,2026-08-24,379.8,369.09,-2.82,355.13,383.28,383.04,373.54,371.2,369.42,"atr14:9.0%, rsi14:7.3%, ema9:5.5%"
577,ALGM,SP400,"Allegro MicroSystems, Inc.",Semiconductors,Technology,2026-08-24,35.63,34.62,-2.82,32.44,36.89,36.66,36.59,36.47,34.87,"atr14:8.7%, rsi14:8.0%, vol:4.6%"
578,FBIN,SP400,"Fortune Brands Innovations, Inc.",Building Products & Equipment,Industrials,2026-08-24,44.96,43.69,-2.83,41.64,45.8,45.07,44.55,44.58,43.92,"atr14:8.8%, rsi14:7.7%, vol:4.2%"
579,NYT,SP400,The New York Times Company,Publishing,Communication Services,2026-08-24,67.49,65.58,-2.83,62.65,68.57,67.54,67.0,66.51,66.0,"atr14:9.1%, rsi14:6.0%, ema9:5.3%"
580,GHC,SP400,Graham Holdings Company,Conglomerates,Industrials,2026-08-24,1175.29,1141.61,-2.87,1101.61,1182.64,1160.87,1145.24,1143.57,1139.79,"atr14:10.3%, rsi14:6.2%, ema9:5.5%"
581,OPLN,SP600,"OPENLANE, Inc.",Auto & Truck Dealerships,Consumer Cyclical,2026-08-24,34.05,33.07,-2.87,31.45,34.75,33.67,33.18,33.12,33.28,"atr14:9.7%, rsi14:6.6%, ema9:5.7%"
582,EMR,SP500,Emerson Electric Co.,Specialty Industrial Machinery,Industrials,2026-08-24,157.57,153.03,-2.88,148.9,157.25,154.67,153.28,153.01,151.27,"atr14:9.9%, rsi14:6.6%, ema9:5.5%"
583,FTDR,SP600,"Frontdoor, Inc.",Personal Services,Consumer Cyclical,2026-08-24,82.75,80.36,-2.89,76.94,83.83,81.72,81.3,80.93,80.78,"atr14:8.7%, rsi14:7.1%, ema9:5.4%"
584,PEGA,SP400,Pegasystems Inc.,Software - Application,Technology,2026-08-24,34.28,33.28,-2.91,31.64,34.97,34.01,32.68,32.29,32.35,"atr14:8.3%, rsi14:7.3%, vol:4.7%"
585,NOV,SP400,NOV Inc.,Oil & Gas Equipment & Services,Energy,2026-08-24,19.76,19.18,-2.92,18.29,20.14,19.0,18.73,18.59,18.85,"rsi14:8.1%, atr14:6.1%, close:5.5%"
586,META,SP500,"Meta Platforms, Inc.",Internet Content & Information,Communication Services,2026-08-24,559.02,542.65,-2.93,516.45,569.25,563.43,554.8,553.5,544.45,"atr14:8.7%, rsi14:7.0%, ema9:5.3%"
587,VLO,SP500,Valero Energy Corporation,Oil & Gas Refining & Marketing,Energy,2026-08-24,346.0,335.86,-2.93,318.97,353.44,337.59,333.5,333.52,331.52,"atr14:9.7%, rsi14:7.8%, vol:4.0%"
588,HIMS,SP400,"Hims & Hers Health, Inc.",Drug Manufacturers - Specialty & Generic,Healthcare,2026-08-24,31.08,30.17,-2.93,27.78,32.69,31.65,29.9,29.29,30.04,"rsi14:8.2%, atr14:7.5%, vol:4.5%"
589,KFY,SP600,Korn Ferry,Staffing & Employment Services,Industrials,2026-08-24,84.73,82.24,-2.93,79.26,85.31,83.21,81.8,81.99,81.55,"atr14:10.5%, rsi14:6.3%, ema9:5.3%"
590,BSX,SP500,Boston Scientific Corporation,Medical Devices,Healthcare,2026-08-24,49.01,47.57,-2.94,45.9,49.28,48.39,47.88,47.67,47.38,"atr14:7.7%, rsi14:6.7%, ema9:4.4%"
591,XOM,SP500,ExxonMobil Holdings Corporation,Oil & Gas Integrated,Energy,2026-08-24,164.05,159.22,-2.94,155.44,163.1,158.5,157.68,157.6,157.13,"atr14:9.0%, rsi14:6.6%, ema9:5.6%"
592,CASY,SP500,"Casey's General Stores, Inc.",Specialty Retail,Consumer Cyclical,2026-08-24,854.21,829.05,-2.95,795.69,863.19,843.8,839.18,836.11,833.64,"atr14:9.8%, rsi14:6.5%, ema9:5.7%"
593,IR,SP500,Ingersoll Rand Inc.,Specialty Industrial Machinery,Industrials,2026-08-24,79.99,77.63,-2.95,75.0,80.32,80.1,78.89,78.61,77.33,"atr14:9.0%, rsi14:7.1%, ema9:5.1%"
594,GOOG,SP500,Alphabet Inc.,Internet Content & Information,Communication Services,2026-08-24,344.59,334.38,-2.96,321.48,347.5,342.37,337.45,336.45,334.88,"atr14:9.4%, rsi14:7.0%, ema9:5.4%"
595,SANM,SP400,Sanmina Corporation,Electronic Components,Technology,2026-08-24,185.41,179.9,-2.97,169.88,190.3,191.3,188.73,188.1,181.22,"atr14:9.9%, rsi14:7.1%, ema9:4.2%"
596,UCTT,SP600,"Ultra Clean Holdings, Inc.",Semiconductor Equipment & Materials,Technology,2026-08-24,72.78,70.6,-2.99,64.46,77.15,75.81,75.64,70.24,67.09,"atr14:8.4%, rsi14:7.9%, vol:4.5%"
597,FTNT,SP500,"Fortinet, Inc.",Software - Infrastructure,Technology,2026-08-24,151.99,147.44,-3.0,139.2,155.87,153.17,152.73,153.44,151.1,"atr14:9.7%, rsi14:7.5%, ema9:5.2%"
598,LDOS,SP500,"Leidos Holdings, Inc.",Information Technology Services,Technology,2026-08-24,138.43,134.28,-3.0,129.85,138.83,137.18,134.69,134.15,133.61,"atr14:8.6%, rsi14:6.3%, ema9:4.8%"
599,LAD,SP400,"Lithia Motors, Inc.",Auto & Truck Dealerships,Consumer Cyclical,2026-08-24,368.55,357.48,-3.0,341.66,373.75,363.99,360.43,359.31,354.29,"atr14:8.8%, rsi14:6.8%, ema9:5.4%"
600,VIAV,SP400,Viavi Solutions Inc.,Communication Equipment,Technology,2026-08-24,36.95,35.84,-3.01,33.72,38.03,36.87,36.04,35.65,35.41,"atr14:9.1%, rsi14:7.8%, vol:4.6%"
601,HCA,SP500,"HCA Healthcare, Inc.",Medical Care Facilities,Healthcare,2026-08-24,429.24,416.27,-3.02,400.21,432.54,433.98,430.68,426.44,420.22,"atr14:9.9%, rsi14:6.1%, ema9:4.9%"
602,WSO,SP400,"Watsco, Inc.",Industrial Distribution,Industrials,2026-08-24,310.8,301.39,-3.03,289.96,313.23,312.15,309.42,307.06,304.63,"atr14:8.7%, rsi14:6.5%, ema9:5.2%"
603,CALM,SP600,"Cal-Maine Foods, Inc.",Farm Products,Consumer Defensive,2026-08-24,84.6,82.03,-3.04,77.91,86.14,84.7,83.86,83.44,82.89,"atr14:8.2%, rsi14:6.5%, ema9:5.2%"
604,LEN,SP500,Lennar Corporation,Residential Construction,Consumer Cyclical,2026-08-24,88.16,85.48,-3.04,81.59,89.47,88.61,87.97,87.83,86.37,"atr14:8.5%, rsi14:6.7%, ema9:4.6%"
605,ABG,SP600,"Asbury Automotive Group, Inc.",Auto & Truck Dealerships,Consumer Cyclical,2026-08-24,210.86,204.36,-3.08,194.73,214.13,209.68,207.47,206.5,203.12,"atr14:8.2%, rsi14:7.1%, ema9:5.2%"
606,CTRE,SP400,"CareTrust REIT, Inc.",REIT - Healthcare Facilities,Real Estate,2026-08-24,39.65,38.42,-3.09,37.01,39.84,39.63,39.38,39.22,38.91,"atr14:7.6%, rsi14:6.1%, ema9:5.7%"
607,FLO,SP600,"Flowers Foods, Inc.",Packaged Foods,Consumer Defensive,2026-08-24,7.28,7.05,-3.13,6.69,7.41,7.28,7.25,7.23,7.25,"rsi14:7.5%, atr14:6.7%, vol:4.8%"
608,MOH,SP400,"Molina Healthcare, Inc.",Healthcare Plans,Healthcare,2026-08-24,198.5,192.27,-3.14,182.42,202.5,204.85,204.25,201.81,198.7,"atr14:8.6%, rsi14:7.5%, vol:4.0%"
609,ESE,SP600,ESCO Technologies Inc.,Scientific & Technical Instruments,Technology,2026-08-24,275.62,266.93,-3.15,256.86,277.24,274.94,268.22,266.75,266.01,"atr14:10.2%, rsi14:6.8%, ema9:5.5%"
610,PLUS,SP600,ePlus inc.,Software - Application,Technology,2026-08-24,86.26,83.53,-3.17,79.75,87.38,86.36,84.6,84.31,83.72,"atr14:10.0%, rsi14:6.4%, ema9:5.4%"
611,FTRE,SP600,Fortrea Holdings Inc.,Biotechnology,Healthcare,2026-08-24,18.31,17.73,-3.18,16.61,18.88,18.93,18.87,18.6,18.16,"rsi14:7.9%, atr14:7.4%, macd:4.2%"
612,VMI,SP400,"Valmont Industries, Inc.",Conglomerates,Industrials,2026-08-24,481.47,466.08,-3.2,448.08,484.52,480.35,474.01,472.13,466.67,"atr14:10.5%, rsi14:6.6%, ema9:5.5%"
613,FRPT,SP600,"Freshpet, Inc.",Packaged Foods,Consumer Defensive,2026-08-24,76.55,74.1,-3.2,69.91,78.4,76.35,74.09,73.21,73.75,"rsi14:7.8%, atr14:7.5%, vol:4.7%"
614,MATX,SP600,"Matson, Inc.",Marine Shipping,Industrials,2026-08-24,222.68,215.55,-3.2,205.75,225.65,219.29,216.87,216.07,216.11,"atr14:9.6%, rsi14:7.7%, ema9:4.5%"
615,MXL,SP600,"MaxLinear, Inc.",Semiconductors,Technology,2026-08-24,62.78,60.75,-3.23,56.31,65.43,63.43,62.56,60.29,58.79,"atr14:8.9%, rsi14:8.0%, vol:4.6%"
616,ESAB,SP400,ESAB Corporation,Metal Fabrication,Industrials,2026-08-24,79.25,76.69,-3.24,73.12,80.36,78.48,77.51,76.85,76.23,"atr14:8.8%, rsi14:7.5%, vol:5.2%"
617,USFD,SP400,US Foods Holding Corp.,Food Distribution,Consumer Defensive,2026-08-24,109.37,105.82,-3.25,101.76,109.93,107.09,106.39,105.88,105.12,"atr14:10.0%, rsi14:6.9%, ema9:5.4%"
618,CB,SP500,Chubb Limited,Insurance - Property & Casualty,Financial Services,2026-08-24,345.83,334.56,-3.26,325.5,343.75,346.65,344.68,342.59,339.59,"atr14:9.9%, rsi14:6.0%, ema9:5.4%"
619,AN,SP400,"AutoNation, Inc.",Auto & Truck Dealerships,Consumer Cyclical,2026-08-24,195.13,188.76,-3.26,180.28,197.39,193.96,191.43,190.34,189.12,"atr14:9.1%, rsi14:6.9%, ema9:5.4%"
620,AMRX,SP600,"Amneal Pharmaceuticals, Inc.",Drug Manufacturers - Specialty & Generic,Healthcare,2026-08-24,17.78,17.19,-3.29,16.21,18.17,17.72,17.64,17.5,17.32,"atr14:7.4%, rsi14:7.4%, ema9:5.2%"
621,YOU,SP600,"Clear Secure, Inc.",Software - Application,Technology,2026-08-24,44.7,43.22,-3.3,40.71,45.78,44.57,43.27,43.06,43.04,"atr14:8.0%, rsi14:7.5%, ema9:5.0%"
622,EBC,SP600,"Eastern Bankshares, Inc.",Banks - Regional,Financial Services,2026-08-24,22.64,21.89,-3.3,21.32,22.49,22.28,22.02,22.04,21.85,"atr14:7.3%, rsi14:6.4%, ema9:5.5%"
623,CBRE,SP500,"CBRE Group, Inc.",Real Estate Services,Real Estate,2026-08-24,151.93,146.91,-3.31,141.73,152.16,152.57,150.1,149.22,146.5,"atr14:8.2%, rsi14:6.6%, ema9:5.5%"
624,ALL,SP500,The Allstate Corporation,Insurance - Property & Casualty,Financial Services,2026-08-24,260.19,251.54,-3.32,244.48,258.75,260.82,258.28,257.04,255.08,"atr14:9.8%, rsi14:6.2%, ema9:5.3%"
625,CALY,SP600,Callaway Golf Company,Leisure,Consumer Cyclical,2026-08-24,15.79,15.26,-3.33,14.27,16.33,16.09,15.85,15.79,15.53,"rsi14:8.0%, atr14:7.8%, vol:4.2%"
626,MMM,SP500,3M Company,Conglomerates,Industrials,2026-08-24,179.01,173.05,-3.33,168.34,177.87,179.17,176.76,175.91,173.55,"atr14:8.7%, rsi14:6.8%, ema9:5.6%"
627,BKR,SP500,Baker Hughes Company,Oil & Gas Equipment & Services,Energy,2026-08-24,61.99,59.93,-3.33,57.46,62.47,59.16,58.42,57.95,58.29,"atr14:9.9%, rsi14:7.3%, ema9:5.0%"
628,NE,SP600,Noble Corporation plc,Oil & Gas Drilling,Energy,2026-08-24,45.98,44.44,-3.34,42.56,46.38,43.47,42.73,42.42,42.61,"atr14:9.5%, rsi14:7.2%, ema9:4.9%"
629,JXN,SP600,Jackson Financial Inc.,Insurance - Life,Financial Services,2026-08-24,132.32,127.87,-3.36,122.94,132.86,131.68,130.92,130.3,129.4,"atr14:8.3%, rsi14:7.6%, ema9:4.8%"
630,VVX,SP600,"V2X, Inc.",Aerospace & Defense,Industrials,2026-08-24,77.57,74.94,-3.39,71.45,78.5,75.56,74.15,74.15,74.3,"atr14:8.9%, rsi14:6.9%, ema9:5.5%"
631,AYI,SP400,Acuity Inc.,Electrical Equipment & Parts,Industrials,2026-08-24,336.59,325.17,-3.39,313.4,337.19,337.48,330.72,329.06,325.17,"atr14:9.3%, rsi14:7.1%, ema9:5.4%"
632,PODD,SP500,Insulet Corporation,Medical Devices,Healthcare,2026-08-24,145.42,140.47,-3.4,132.81,148.26,146.82,145.0,142.99,141.95,"atr14:8.0%, rsi14:7.1%, vol:4.2%"
633,KBR,SP400,"KBR, Inc.",Engineering & Construction,Industrials,2026-08-24,37.69,36.41,-3.41,34.88,37.97,36.09,35.81,35.56,35.52,"atr14:9.0%, rsi14:7.2%, ema9:4.3%"
634,GGG,SP400,Graco Inc.,Specialty Industrial Machinery,Industrials,2026-08-24,80.16,77.42,-3.42,75.37,79.51,81.23,80.14,79.66,78.01,"atr14:7.6%, rsi14:5.8%, ema9:5.2%"
635,GM,SP500,General Motors Company,Auto Manufacturers,Consumer Cyclical,2026-08-24,86.98,84.01,-3.42,80.42,87.66,85.56,83.77,83.7,83.52,"atr14:10.5%, rsi14:6.5%, ema9:5.5%"
636,LIVN,SP400,LivaNova PLC,Medical Devices,Healthcare,2026-08-24,78.26,75.58,-3.43,72.19,79.02,78.85,78.31,78.03,77.17,"rsi14:7.8%, atr14:6.6%, ema9:4.5%"
637,HON,SP500,Honeywell International Inc.,Conglomerates,Industrials,2026-08-24,214.77,207.4,-3.43,201.23,213.66,214.87,211.76,210.03,206.19,"atr14:8.2%, rsi14:7.6%, ema9:5.0%"
638,TEL,SP500,TE Connectivity plc,Electronic Components,Technology,2026-08-24,202.41,195.45,-3.44,188.43,202.53,202.02,197.24,196.82,194.6,"atr14:9.9%, rsi14:7.1%, ema9:5.3%"
639,UNP,SP500,Union Pacific Corporation,Railroads,Industrials,2026-08-24,309.86,299.18,-3.45,290.7,307.88,309.6,307.25,306.3,301.14,"atr14:8.6%, rsi14:6.4%, ema9:5.7%"
640,RUSHA,SP600,"Rush Enterprises, Inc.",Auto & Truck Dealerships,Consumer Cyclical,2026-08-24,78.73,76.01,-3.45,73.31,78.8,77.76,76.86,76.64,75.68,"atr14:10.1%, rsi14:6.1%, ema9:5.3%"
641,FORM,SP600,"FormFactor, Inc.",Semiconductor Equipment & Materials,Technology,2026-08-24,107.9,104.17,-3.45,96.32,112.62,109.12,106.12,103.34,103.04,"atr14:9.0%, rsi14:7.9%, vol:4.5%"
642,PHM,SP500,"PulteGroup, Inc.",Residential Construction,Consumer Cyclical,2026-08-24,129.61,125.11,-3.47,119.48,130.89,130.24,129.45,127.99,125.85,"atr14:10.2%, rsi14:6.2%, ema9:5.3%"
643,AORT,SP600,"Artivion, Inc.",Medical Devices,Healthcare,2026-08-24,26.89,25.95,-3.49,24.61,27.33,26.45,26.4,26.16,26.0,"atr14:8.0%, rsi14:7.2%, vol:4.4%"
644,LAZ,SP600,"Lazard, Inc.",Capital Markets,Financial Services,2026-08-24,44.07,42.53,-3.49,40.82,44.29,42.73,42.39,42.38,42.09,"atr14:9.4%, rsi14:7.1%, ema9:5.2%"
645,WELL,SP500,Welltower Inc.,REIT - Healthcare Facilities,Real Estate,2026-08-24,240.01,231.6,-3.5,223.82,239.32,237.44,236.95,237.07,234.12,"atr14:10.8%, rsi14:6.5%, ema9:5.4%"
646,ROK,SP500,"Rockwell Automation, Inc.",Specialty Industrial Machinery,Industrials,2026-08-24,429.69,414.63,-3.5,400.29,429.16,429.37,423.49,421.42,417.08,"atr14:9.7%, rsi14:6.5%, ema9:5.7%"
647,BURL,SP400,"Burlington Stores, Inc.",Apparel Retail,Consumer Cyclical,2026-08-24,330.64,319.05,-3.51,303.92,334.43,327.28,324.58,322.99,322.35,"atr14:9.1%, rsi14:6.9%, ema9:5.6%"
648,IRM,SP500,Iron Mountain Incorporated,REIT - Specialty,Real Estate,2026-08-24,121.19,116.93,-3.52,112.55,121.36,119.99,119.59,119.1,119.07,"atr14:9.5%, rsi14:6.1%, ema9:5.5%"
649,ITT,SP400,ITT Inc.,Specialty Industrial Machinery,Industrials,2026-08-24,204.96,197.75,-3.52,191.65,203.96,205.91,203.18,202.38,198.23,"atr14:9.8%, rsi14:6.8%, ema9:5.5%"
650,GSHD,SP600,"Goosehead Insurance, Inc.",Insurance Brokers,Financial Services,2026-08-24,73.0,70.41,-3.55,63.28,78.0,74.91,73.22,72.34,70.69,"rsi14:8.1%, atr14:6.8%, close:5.5%"
651,SJM,SP500,The J. M. Smucker Company,Packaged Foods,Consumer Defensive,2026-08-24,125.87,121.39,-3.56,117.14,125.71,125.46,124.28,123.72,122.92,"atr14:8.0%, rsi14:6.3%, ema9:5.2%"
652,BBWI,SP400,"Bath & Body Works, Inc.",Specialty Retail,Consumer Cyclical,2026-08-24,19.17,18.49,-3.57,17.22,19.85,19.38,19.12,19.15,19.09,"rsi14:7.9%, atr14:7.5%, close:4.6%"
653,COCO,SP600,"The Vita Coco Company, Inc.",Beverages - Non-Alcoholic,Consumer Defensive,2026-08-24,63.36,61.08,-3.6,57.03,65.28,64.41,64.34,63.43,63.12,"atr14:9.6%, rsi14:6.4%, ema9:5.4%"
654,HII,SP500,"Huntington Ingalls Industries, Inc.",Aerospace & Defense,Industrials,2026-08-24,294.63,284.01,-3.6,274.11,294.25,292.47,289.18,288.48,285.0,"atr14:8.4%, rsi14:6.7%, ema9:5.1%"
655,LRCX,SP500,Lam Research Corporation,Semiconductor Equipment & Materials,Technology,2026-08-24,310.17,298.98,-3.61,282.27,316.44,314.71,310.4,305.9,300.81,"atr14:9.0%, rsi14:7.7%, vol:4.9%"
656,EIX,SP500,Edison International,Utilities - Regulated Electric,Utilities,2026-08-24,73.97,71.3,-3.61,68.79,73.9,74.86,73.9,72.94,72.85,"atr14:7.3%, rsi14:6.6%, ema9:5.8%"
657,UTI,SP600,"Universal Technical Institute, Inc.",Education & Training Services,Consumer Defensive,2026-08-24,22.02,21.22,-3.61,19.78,22.73,21.56,21.36,21.19,21.13,"atr14:8.9%, rsi14:7.7%, vol:4.3%"
658,AVY,SP500,Avery Dennison Corporation,Packaging & Containers,Consumer Cyclical,2026-08-24,183.69,177.03,-3.63,171.64,182.52,184.2,181.27,180.39,176.42,"atr14:8.0%, rsi14:6.9%, ema9:5.3%"
659,GXO,SP400,"GXO Logistics, Inc.",Integrated Freight & Logistics,Industrials,2026-08-24,46.98,45.27,-3.64,43.09,47.49,47.78,46.77,46.43,45.72,"rsi14:8.2%, atr14:6.6%, vol:4.9%"
660,CVSA,SP600,Covista Inc.,Education & Training Services,Consumer Defensive,2026-08-24,132.76,127.91,-3.65,121.16,134.61,130.08,128.81,128.05,127.72,"atr14:9.0%, rsi14:7.1%, ema9:5.4%"
661,DHI,SP500,"D.R. Horton, Inc.",Residential Construction,Consumer Cyclical,2026-08-24,148.97,143.51,-3.67,137.0,150.18,149.17,148.95,147.68,145.32,"atr14:9.8%, rsi14:6.2%, ema9:5.2%"
662,IVT,SP600,InvenTrust Properties Corp.,REIT - Retail,Real Estate,2026-08-24,32.82,31.61,-3.69,30.46,32.77,32.76,32.63,32.5,32.22,"atr14:6.8%, rsi14:6.5%, ema9:5.7%"
663,SONO,SP600,"Sonos, Inc.",Consumer Electronics,Technology,2026-08-24,15.41,14.84,-3.71,13.99,15.7,15.45,15.27,15.13,15.03,"rsi14:8.2%, atr14:6.6%, vol:4.3%"
664,CLH,SP400,"Clean Harbors, Inc.",Waste Management,Industrials,2026-08-24,313.74,302.08,-3.72,290.97,313.43,308.72,306.77,305.73,304.15,"atr14:10.0%, rsi14:5.7%, ema9:5.3%"
665,GLW,SP500,Corning Incorporated,Electronic Components,Technology,2026-08-24,145.55,140.14,-3.72,134.01,146.41,146.8,144.32,144.62,142.81,"atr14:9.0%, rsi14:7.5%, vol:4.4%"
666,ELV,SP500,"Elevance Health, Inc.",Healthcare Plans,Healthcare,2026-08-24,402.63,387.66,-3.72,371.68,403.83,411.72,408.59,405.55,397.97,"atr14:8.2%, rsi14:7.3%, ema9:5.3%"
667,WRB,SP500,W. R. Berkley Corporation,Insurance - Property & Casualty,Financial Services,2026-08-24,69.7,67.11,-3.72,65.08,69.14,69.26,68.44,68.26,67.83,"atr14:9.1%, rsi14:6.2%, ema9:5.6%"
668,KMB,SP500,Kimberly-Clark Corporation,Household & Personal Products,Consumer Defensive,2026-08-24,111.37,107.19,-3.75,103.57,110.91,112.62,112.05,110.91,109.92,"rsi14:7.1%, atr14:6.8%, ema9:5.3%"
669,CMC,SP400,Commercial Metals Company,Metal Fabrication,Industrials,2026-08-24,64.87,62.43,-3.75,59.71,65.24,63.9,63.55,63.57,62.63,"atr14:10.2%, rsi14:6.5%, ema9:5.3%"
670,DAN,SP600,Dana Incorporated,Auto Parts,Consumer Cyclical,2026-08-24,30.15,29.01,-3.77,27.85,30.21,28.76,28.51,28.51,28.31,"atr14:9.3%, rsi14:7.2%, ema9:4.4%"
671,MPT,SP600,"Medical Properties Trust, Inc.",REIT - Healthcare Facilities,Real Estate,2026-08-24,4.12,3.96,-3.79,3.82,4.11,4.02,4.0,4.0,3.98,"rsi14:7.7%, atr14:6.0%, vol:4.2%"
672,RJF,SP500,"Raymond James Financial, Inc.",Asset Management,Financial Services,2026-08-24,176.68,169.96,-3.8,165.67,174.39,176.03,175.14,174.57,172.66,"atr14:8.4%, rsi14:6.1%, ema9:5.4%"
673,DAL,SP500,"Delta Air Lines, Inc.",Airlines,Industrials,2026-08-24,82.48,79.32,-3.83,75.17,83.6,83.31,81.84,81.82,81.34,"atr14:8.2%, rsi14:7.2%, ema9:5.7%"
674,GILD,SP500,"Gilead Sciences, Inc.",Drug Manufacturers - General,Healthcare,2026-08-24,146.74,141.09,-3.85,135.12,147.17,148.16,147.35,146.4,144.07,"atr14:10.0%, rsi14:5.9%, ema9:5.1%"
675,AWI,SP600,"Armstrong World Industries, Inc.",Building Products & Equipment,Industrials,2026-08-24,178.25,171.37,-3.86,164.96,177.96,180.62,178.7,177.29,174.03,"atr14:9.0%, rsi14:6.2%, ema9:5.2%"
676,APH,SP500,Amphenol Corporation,Electronic Components,Technology,2026-08-24,155.55,149.53,-3.87,143.8,155.36,157.1,155.05,151.83,151.4,"atr14:9.9%, rsi14:7.3%, ema9:5.1%"
677,REX,SP600,REX American Resources Corporation,Chemicals,Basic Materials,2026-08-24,42.4,40.76,-3.87,38.69,42.89,41.66,41.5,41.38,41.07,"atr14:9.4%, rsi14:6.0%, ema9:5.4%"
678,COHU,SP600,"Cohu, Inc.",Semiconductor Equipment & Materials,Technology,2026-08-24,51.3,49.31,-3.87,45.7,53.09,52.88,52.26,50.27,48.83,"atr14:8.8%, rsi14:7.8%, vol:4.7%"
679,TKR,SP400,The Timken Company,Tools & Accessories,Industrials,2026-08-24,122.72,117.91,-3.92,113.66,122.21,119.61,118.81,118.23,117.68,"atr14:9.7%, rsi14:7.2%, ema9:5.5%"
680,MRK,SP500,"Merck & Co., Inc.",Drug Manufacturers - General,Healthcare,2026-08-24,150.66,144.74,-3.93,139.78,149.78,150.77,150.21,149.61,147.98,"atr14:8.7%, rsi14:5.9%, ema9:5.4%"
681,RCL,SP500,Royal Caribbean Cruises Ltd.,Travel Services,Consumer Cyclical,2026-08-24,293.0,281.41,-3.96,264.96,298.4,294.96,287.52,290.28,283.93,"atr14:9.6%, rsi14:7.6%, vol:4.0%"
682,TRMB,SP500,Trimble Inc.,Scientific & Technical Instruments,Technology,2026-08-24,60.67,58.26,-3.97,56.04,60.5,59.74,58.41,57.94,57.33,"atr14:8.7%, rsi14:7.0%, ema9:4.7%"
683,CVX,SP500,Chevron Corporation,Oil & Gas Integrated,Energy,2026-08-24,203.09,195.0,-3.98,189.8,200.38,197.32,196.32,195.78,194.5,"atr14:9.2%, rsi14:6.0%, ema9:5.4%"
684,AX,SP600,"Axos Financial, Inc.",Banks - Regional,Financial Services,2026-08-24,96.94,93.08,-3.98,89.99,96.2,96.25,95.77,95.53,94.06,"atr14:8.3%, rsi14:6.9%, ema9:5.7%"
685,SEZL,SP600,Sezzle Inc.,Credit Services,Financial Services,2026-08-24,117.93,113.21,-4.0,103.05,124.1,123.27,120.91,117.5,111.77,"atr14:8.8%, rsi14:7.2%, ema9:5.3%"
686,QNST,SP600,"QuinStreet, Inc.",Advertising Agencies,Communication Services,2026-08-24,20.49,19.67,-4.0,18.14,21.25,20.78,20.84,20.58,20.42,"rsi14:7.8%, atr14:7.4%, vol:4.4%"
687,DD,SP500,"DuPont de Nemours, Inc.",Specialty Chemicals,Basic Materials,2026-08-24,136.67,131.18,-4.02,126.66,135.82,132.8,131.94,131.72,130.81,"atr14:10.2%, rsi14:6.7%, ema9:5.6%"
688,FSS,SP600,Federal Signal Corporation,Farm & Heavy Construction Machinery,Industrials,2026-08-24,119.78,114.96,-4.02,110.15,119.92,121.9,120.45,119.43,117.87,"atr14:10.2%, rsi14:6.7%, ema9:5.5%"
689,CW,SP400,Curtiss-Wright Corporation,Aerospace & Defense,Industrials,2026-08-24,614.97,590.21,-4.03,569.66,610.73,611.61,599.27,596.32,591.85,"atr14:9.9%, rsi14:7.1%, ema9:5.6%"
690,MS,SP500,Morgan Stanley,Capital Markets,Financial Services,2026-08-24,214.08,205.44,-4.04,198.56,212.35,214.19,213.13,212.77,209.23,"atr14:9.7%, rsi14:6.5%, ema9:5.6%"
691,TTC,SP400,The Toro Company,Tools & Accessories,Industrials,2026-08-24,99.48,95.46,-4.04,91.98,99.05,100.63,99.67,99.12,97.69,"atr14:8.4%, rsi14:6.2%, ema9:5.5%"
692,AMAT,SP500,"Applied Materials, Inc.",Semiconductor Equipment & Materials,Technology,2026-08-24,484.19,464.62,-4.04,441.04,489.1,494.0,489.6,473.52,465.49,"atr14:8.9%, rsi14:7.9%, vol:4.1%"
693,ACM,SP400,AECOM,Engineering & Construction,Industrials,2026-08-24,64.99,62.36,-4.05,60.09,64.67,64.13,63.35,63.19,61.87,"atr14:8.9%, rsi14:6.6%, ema9:4.5%"
694,CFG,SP500,"Citizens Financial Group, Inc.",Banks - Regional,Financial Services,2026-08-24,70.23,67.36,-4.08,65.53,69.23,69.22,68.95,68.7,67.74,"atr14:9.1%, rsi14:6.4%, ema9:5.5%"
695,GS,SP500,"The Goldman Sachs Group, Inc.",Capital Markets,Financial Services,2026-08-24,1036.28,993.88,-4.09,956.49,1031.6,1037.59,1033.22,1031.19,1014.22,"atr14:9.9%, rsi14:6.8%, ema9:5.7%"
696,AMZN,SP500,"Amazon.com, Inc.",Internet Retail,Consumer Cyclical,2026-08-24,262.07,251.33,-4.1,240.71,262.12,260.42,257.7,255.45,254.05,"atr14:9.0%, rsi14:6.2%, ema9:5.6%"
697,AZZ,SP600,AZZ Inc.,Specialty Business Services,Industrials,2026-08-24,140.76,134.99,-4.1,130.14,140.0,140.01,139.2,138.59,136.85,"atr14:9.9%, rsi14:6.1%, ema9:5.5%"
698,OTIS,SP500,Otis Worldwide Corporation,Specialty Industrial Machinery,Industrials,2026-08-24,72.19,69.2,-4.15,66.89,71.56,72.77,71.35,70.93,70.11,"rsi14:6.9%, atr14:6.8%, vol:5.1%"
699,UBER,SP500,"Uber Technologies, Inc.",Software - Application,Technology,2026-08-24,79.29,76.0,-4.15,71.79,80.23,76.66,75.42,74.51,75.35,"atr14:8.2%, rsi14:7.8%, vol:4.2%"
700,MO,SP500,"Altria Group, Inc.",Tobacco,Consumer Defensive,2026-08-24,68.47,65.62,-4.16,63.09,68.2,68.16,67.71,67.39,67.43,"atr14:9.2%, rsi14:6.1%, ema9:5.6%"
701,ALLE,SP500,Allegion plc,Security & Protection Services,Industrials,2026-08-24,162.63,155.87,-4.16,150.87,160.92,163.63,162.15,160.11,156.42,"atr14:7.6%, rsi14:6.8%, ema9:5.3%"
702,VAL,SP400,Valaris Limited,Oil & Gas Drilling,Energy,2026-08-24,85.81,82.21,-4.2,77.7,86.87,80.38,78.74,78.52,78.98,"atr14:8.7%, rsi14:7.4%, ema9:4.5%"
703,CHWY,SP400,"Chewy, Inc.",Internet Retail,Consumer Cyclical,2026-08-24,24.5,23.47,-4.2,21.77,25.11,24.62,23.66,23.21,23.43,"rsi14:8.0%, close:6.6%, atr14:6.1%"
704,JPM,SP500,JPMorgan Chase & Co.,Banks - Diversified,Financial Services,2026-08-24,356.39,341.4,-4.21,332.42,350.67,353.13,351.57,350.33,346.09,"atr14:8.8%, rsi14:6.7%, ema9:5.6%"
705,CL,SP500,Colgate-Palmolive Company,Household & Personal Products,Consumer Defensive,2026-08-24,92.55,88.65,-4.22,85.77,91.55,92.94,92.36,91.77,90.7,"atr14:8.2%, rsi14:6.2%, ema9:5.4%"
706,MSM,SP400,"MSC Industrial Direct Co., Inc.",Industrial Distribution,Industrials,2026-08-24,119.26,114.2,-4.24,110.11,118.37,118.01,117.4,117.02,116.21,"atr14:10.2%, rsi14:6.9%, ema9:5.5%"
707,IRT,SP400,"Independence Realty Trust, Inc.",REIT - Residential,Real Estate,2026-08-24,16.88,16.16,-4.24,15.57,16.76,17.05,17.07,16.96,16.61,"rsi14:6.7%, atr14:6.6%, ema9:5.1%"
708,LYV,SP500,"Live Nation Entertainment, Inc.",Entertainment,Communication Services,2026-08-24,184.59,176.75,-4.25,168.55,185.08,184.9,182.04,181.18,178.76,"atr14:9.3%, rsi14:6.4%, ema9:5.6%"
709,TRV,SP500,"The Travelers Companies, Inc.",Insurance - Property & Casualty,Financial Services,2026-08-24,370.55,354.75,-4.26,344.52,365.06,369.4,364.87,364.07,360.26,"atr14:9.4%, rsi14:6.1%, ema9:5.3%"
710,TRGP,SP500,Targa Resources Corp.,Oil & Gas Midstream,Energy,2026-08-24,294.26,281.68,-4.28,270.66,292.98,286.65,284.51,284.11,280.5,"atr14:8.7%, rsi14:6.6%, ema9:5.8%"
711,PPC,SP400,Pilgrim's Pride Corporation,Packaged Foods,Consumer Defensive,2026-08-24,31.79,30.43,-4.28,28.74,32.11,31.66,31.24,31.04,30.85,"atr14:8.2%, rsi14:6.4%, ema9:4.5%"
712,CHD,SP500,"Church & Dwight Co., Inc.",Household & Personal Products,Consumer Defensive,2026-08-24,102.53,98.13,-4.29,94.77,101.54,103.14,102.6,102.0,101.12,"atr14:7.8%, rsi14:5.6%, ema9:5.4%"
713,EVR,SP400,Evercore Inc.,Capital Markets,Financial Services,2026-08-24,290.11,277.64,-4.3,265.42,290.02,290.62,287.9,286.73,283.31,"atr14:9.5%, rsi14:6.8%, ema9:5.7%"
714,RNG,SP600,"RingCentral, Inc.",Software - Application,Technology,2026-08-24,67.08,64.19,-4.31,60.51,67.87,66.32,63.61,62.69,63.52,"rsi14:8.0%, close:6.4%, atr14:6.2%"
715,RBC,SP400,RBC Bearings Incorporated,Tools & Accessories,Industrials,2026-08-24,495.9,474.44,-4.33,452.37,497.16,498.11,488.42,484.9,484.55,"atr14:10.0%, rsi14:7.2%, ema9:5.0%"
716,PLAB,SP600,"Photronics, Inc.",Semiconductor Equipment & Materials,Technology,2026-08-24,29.53,28.25,-4.33,26.68,29.86,28.75,28.58,28.48,28.16,"atr14:8.0%, rsi14:7.6%, vol:4.1%"
717,KD,SP400,"Kyndryl Holdings, Inc.",Information Technology Services,Technology,2026-08-24,12.75,12.19,-4.36,11.53,12.86,12.61,12.34,12.27,12.22,"rsi14:8.0%, atr14:6.1%, close:4.8%"
718,EXP,SP400,Eagle Materials Inc.,Building Materials,Basic Materials,2026-08-24,204.25,195.33,-4.37,186.79,204.07,204.7,201.13,200.68,197.34,"atr14:9.6%, rsi14:6.6%, ema9:5.0%"
719,GMED,SP400,"Globus Medical, Inc.",Medical Devices,Healthcare,2026-08-24,84.08,80.4,-4.37,76.65,84.23,85.09,83.94,82.87,81.55,"atr14:10.1%, rsi14:6.8%, ema9:5.2%"
720,FAF,SP400,First American Financial Corporation,Insurance - Specialty,Financial Services,2026-08-24,72.26,69.1,-4.38,66.46,71.77,72.46,71.31,71.0,70.62,"atr14:7.3%, rsi14:6.9%, ema9:5.9%"
721,SAFE,SP600,Safehold Inc.,REIT - Diversified,Real Estate,2026-08-24,15.53,14.85,-4.39,14.14,15.57,15.56,15.48,15.34,15.01,"rsi14:7.6%, atr14:6.5%, ema9:4.6%"
722,UAL,SP500,"United Airlines Holdings, Inc.",Airlines,Industrials,2026-08-24,113.57,108.59,-4.39,101.79,115.63,115.24,114.32,113.71,112.08,"atr14:9.4%, rsi14:6.9%, ema9:5.6%"
723,LAMR,SP400,Lamar Advertising Company,REIT - Specialty,Real Estate,2026-08-24,152.68,145.94,-4.42,140.7,151.36,152.82,152.39,151.82,149.28,"atr14:7.7%, rsi14:5.7%, ema9:5.6%"
724,CNR,SP600,"Core Natural Resources, Inc.",Thermal Coal,Energy,2026-08-24,96.21,91.96,-4.42,87.22,96.75,91.38,90.26,90.62,90.76,"atr14:8.8%, rsi14:7.3%, ema9:4.5%"
725,AOS,SP500,A. O. Smith Corporation,Specialty Industrial Machinery,Industrials,2026-08-24,62.72,59.95,-4.42,57.68,62.26,63.39,61.9,61.71,60.49,"atr14:9.5%, rsi14:6.6%, ema9:5.1%"
726,NATL,SP600,NCR Atleos Corporation,Software - Application,Technology,2026-08-24,46.49,44.43,-4.43,42.8,46.11,46.81,46.6,46.48,45.84,"high:6.3%, atr14:6.0%, ema9:5.3%"
727,ON,SP500,ON Semiconductor Corporation,Semiconductors,Technology,2026-08-24,71.93,68.74,-4.44,64.48,73.15,73.52,72.43,71.37,69.41,"atr14:8.7%, rsi14:7.9%, vol:4.5%"
728,GPI,SP600,"Group 1 Automotive, Inc.",Auto & Truck Dealerships,Consumer Cyclical,2026-08-24,259.38,247.82,-4.46,234.43,261.47,256.59,252.22,250.1,247.65,"atr14:8.7%, rsi14:7.1%, ema9:4.5%"
729,TXT,SP500,Textron Inc.,Aerospace & Defense,Industrials,2026-08-24,82.13,78.47,-4.46,75.73,81.29,79.73,79.03,78.82,78.1,"atr14:9.7%, rsi14:6.4%, ema9:5.6%"
730,MPWR,SP500,"Monolithic Power Systems, Inc.",Semiconductors,Technology,2026-08-24,1285.03,1227.6,-4.47,1155.3,1300.52,1317.32,1329.13,1320.97,1270.14,"atr14:9.6%, rsi14:7.6%, vol:4.2%"
731,CELH,SP400,"Celsius Holdings, Inc.",Beverages - Non-Alcoholic,Consumer Defensive,2026-08-24,35.03,33.46,-4.47,30.88,36.11,35.2,33.78,32.59,33.01,"rsi14:7.3%, atr14:7.0%, vol:4.6%"
732,DKS,SP400,"DICK'S Sporting Goods, Inc.",Specialty Retail,Consumer Cyclical,2026-08-24,179.33,171.3,-4.48,163.16,179.67,180.54,180.47,179.07,174.74,"atr14:8.4%, rsi14:6.4%, ema9:5.7%"
733,CMI,SP500,Cummins Inc.,Specialty Industrial Machinery,Industrials,2026-08-24,571.62,546.01,-4.48,526.24,566.05,561.28,557.1,553.33,547.48,"atr14:10.2%, rsi14:6.5%, ema9:5.6%"
734,JBL,SP500,Jabil Inc.,Electronic Components,Technology,2026-08-24,304.89,291.22,-4.48,276.26,306.35,305.24,302.21,297.52,296.85,"atr14:9.9%, rsi14:6.8%, ema9:5.5%"
735,BNL,SP600,"Broadstone Net Lease, Inc.",REIT - Diversified,Real Estate,2026-08-24,21.2,20.25,-4.5,19.57,20.93,21.27,21.23,21.13,20.85,"atr14:6.9%, rsi14:5.7%, ema9:5.5%"
736,RH,SP400,RH,Specialty Retail,Consumer Cyclical,2026-08-24,143.34,136.86,-4.52,124.98,149.5,147.14,146.51,147.21,144.7,"rsi14:8.0%, atr14:6.9%, close:5.2%"
737,FLG,SP400,"Flagstar Bank, National Association",Banks - Regional,Financial Services,2026-08-24,13.42,12.81,-4.54,12.2,13.47,13.29,13.21,13.31,13.46,"rsi14:8.1%, atr14:6.3%, close:5.6%"
738,HCI,SP600,"HCI Group, Inc.",Insurance - Property & Casualty,Financial Services,2026-08-24,185.31,176.9,-4.54,166.57,187.3,186.41,185.23,183.99,181.16,"atr14:8.9%, rsi14:6.9%, ema9:5.6%"
739,LYB,SP500,LyondellBasell Industries N.V.,Specialty Chemicals,Basic Materials,2026-08-24,65.2,62.24,-4.54,59.74,64.81,62.75,61.92,61.61,61.22,"atr14:8.6%, rsi14:7.1%, ema9:5.1%"
740,AMG,SP400,"Affiliated Managers Group, Inc.",Asset Management,Financial Services,2026-08-24,358.94,342.62,-4.55,330.46,354.91,348.11,342.93,343.26,339.64,"atr14:9.6%, rsi14:7.3%, ema9:5.5%"
741,CRGY,SP600,Crescent Energy Company,Oil & Gas E&P,Energy,2026-08-24,13.85,13.22,-4.56,12.5,13.96,13.17,12.79,12.61,12.63,"rsi14:8.1%, atr14:7.1%, vol:4.7%"
742,ZWS,SP600,Zurn Elkay Water Solutions Corporation,Pollution & Treatment Controls,Industrials,2026-08-24,48.86,46.61,-4.61,45.0,48.25,48.2,47.64,47.43,46.94,"atr14:9.8%, rsi14:6.4%, ema9:5.6%"
743,REZI,SP600,"Resideo Technologies, Inc.",Industrial Distribution,Industrials,2026-08-24,19.28,18.39,-4.61,17.41,19.39,18.96,18.69,18.58,18.5,"atr14:8.8%, rsi14:7.9%, vol:4.3%"
744,ALSN,SP400,"Allison Transmission Holdings, Inc.",Auto Parts,Consumer Cyclical,2026-08-24,131.38,125.28,-4.64,120.57,130.12,130.6,128.23,127.26,126.7,"atr14:10.4%, rsi14:6.8%, ema9:5.4%"
745,INGR,SP400,Ingredion Incorporated,Packaged Foods,Consumer Defensive,2026-08-24,106.13,101.17,-4.68,97.49,105.02,105.86,105.26,104.81,103.12,"atr14:8.3%, rsi14:6.0%, ema9:5.0%"
746,AAON,SP400,"AAON, Inc.",Building Products & Equipment,Industrials,2026-08-24,76.1,72.53,-4.69,68.77,76.4,77.13,75.48,75.38,74.47,"atr14:9.9%, rsi14:7.2%, ema9:5.0%"
747,GPC,SP500,Genuine Parts Company,Auto Parts,Consumer Cyclical,2026-08-24,135.69,129.31,-4.7,124.88,133.76,134.97,133.85,132.73,130.98,"atr14:9.4%, rsi14:7.0%, ema9:4.7%"
748,FCFS,SP400,"FirstCash Holdings, Inc.",Credit Services,Financial Services,2026-08-24,236.43,225.3,-4.71,214.41,236.47,237.35,237.24,235.6,233.02,"atr14:9.6%, rsi14:6.3%, ema9:5.5%"
749,WDFC,SP600,WD-40 Company,Specialty Chemicals,Basic Materials,2026-08-24,215.89,205.71,-4.72,197.32,214.31,217.83,216.66,214.7,211.13,"atr14:8.7%, rsi14:5.9%, ema9:5.0%"
750,MBIN,SP600,Merchants Bancorp,Banks - Regional,Financial Services,2026-08-24,54.08,51.52,-4.72,49.48,53.6,53.15,52.43,52.43,52.11,"atr14:8.7%, rsi14:7.1%, ema9:5.6%"
751,WLY,SP600,"John Wiley & Sons, Inc.",Publishing,Communication Services,2026-08-24,53.2,50.65,-4.8,48.7,52.64,51.94,51.63,51.43,51.01,"atr14:9.3%, rsi14:7.1%, ema9:5.3%"
752,PG,SP500,The Procter & Gamble Company,Household & Personal Products,Consumer Defensive,2026-08-24,146.6,139.53,-4.82,135.08,144.01,147.7,146.6,145.25,143.63,"atr14:7.6%, rsi14:6.1%, ema9:5.4%"
753,MIR,SP600,"Mirion Technologies, Inc.",Specialty Industrial Machinery,Industrials,2026-08-24,14.68,13.96,-4.91,13.21,14.72,14.83,14.63,14.43,14.27,"atr14:8.7%, rsi14:7.1%, ema9:4.5%"
754,NSC,SP500,Norfolk Southern Corporation,Railroads,Industrials,2026-08-24,352.98,335.66,-4.91,325.51,346.16,354.72,352.56,350.65,342.94,"atr14:8.0%, rsi14:6.0%, ema9:5.6%"
755,LCII,SP600,LCI Industries,Recreational Vehicles,Consumer Cyclical,2026-08-24,104.51,99.38,-4.91,94.78,104.07,102.52,101.89,101.63,100.5,"atr14:9.3%, rsi14:6.5%, ema9:4.7%"
756,AWK,SP500,"American Water Works Company, Inc.",Utilities - Regulated Water,Utilities,2026-08-24,139.91,133.04,-4.91,128.29,137.75,142.94,141.94,139.86,138.79,"rsi14:6.9%, atr14:6.9%, ema9:5.5%"
757,RBA,SP400,"RB Global, Inc.",Specialty Business Services,Industrials,2026-08-24,84.07,79.94,-4.92,76.41,83.59,84.1,82.87,82.2,81.41,"atr14:9.2%, rsi14:6.3%, ema9:5.6%"
758,DAR,SP400,Darling Ingredients Inc.,Packaged Foods,Consumer Defensive,2026-08-24,62.32,59.24,-4.94,56.72,61.9,60.14,59.44,59.25,58.64,"atr14:8.0%, rsi14:6.9%, ema9:5.4%"
759,MDLZ,SP500,"Mondelez International, Inc.",Confectioners,Consumer Defensive,2026-08-24,64.7,61.5,-4.95,59.41,63.58,65.08,64.55,64.16,63.51,"atr14:7.6%, rsi14:6.3%, ema9:5.5%"
760,LEA,SP400,Lear Corporation,Auto Parts,Consumer Cyclical,2026-08-24,122.9,116.81,-4.95,111.66,122.1,123.34,121.62,120.93,118.97,"atr14:8.3%, rsi14:7.4%, ema9:5.1%"
761,XYL,SP500,Xylem Inc.,Specialty Industrial Machinery,Industrials,2026-08-24,114.18,108.5,-4.97,104.58,112.48,115.8,113.64,112.8,110.34,"atr14:8.2%, rsi14:6.6%, ema9:5.3%"
762,OII,SP600,"Oceaneering International, Inc.",Oil & Gas Equipment & Services,Energy,2026-08-24,50.46,47.95,-4.98,44.96,51.0,49.43,47.84,47.89,47.94,"atr14:9.1%, rsi14:7.6%, vol:4.1%"
763,UHS,SP500,"Universal Health Services, Inc.",Medical Care Facilities,Healthcare,2026-08-24,176.4,167.54,-5.02,160.79,174.49,175.86,173.6,172.44,169.24,"atr14:8.5%, rsi14:6.8%, ema9:5.1%"
764,CSCO,SP500,"Cisco Systems, Inc.",Communication Equipment,Technology,2026-08-24,110.23,104.65,-5.06,100.51,108.85,111.47,110.05,109.53,107.65,"atr14:10.0%, rsi14:6.5%, ema9:5.5%"
765,EVRG,SP500,"Evergy, Inc.",Utilities - Regulated Electric,Utilities,2026-08-24,81.39,77.27,-5.07,74.71,79.83,82.41,81.43,80.95,80.52,"high:6.3%, atr14:6.2%, ema9:5.3%"
766,CHE,SP400,Chemed Corporation,Medical Care Facilities,Healthcare,2026-08-24,541.34,513.86,-5.08,493.65,533.91,549.57,547.36,543.74,533.77,"atr14:7.0%, rsi14:6.3%, ema9:5.1%"
767,GIII,SP600,"G-III Apparel Group, Ltd.",Apparel Manufacturing,Consumer Cyclical,2026-08-24,33.8,32.08,-5.08,30.23,33.96,34.09,33.83,33.66,32.83,"rsi14:7.4%, atr14:7.0%, ema9:4.6%"
768,POST,SP400,"Post Holdings, Inc.",Packaged Foods,Consumer Defensive,2026-08-24,82.38,78.18,-5.09,74.75,81.66,81.62,80.88,80.56,80.03,"atr14:10.3%, rsi14:6.4%, ema9:5.0%"
769,ENOV,SP600,Enovis Corporation,Medical Devices,Healthcare,2026-08-24,25.21,23.92,-5.1,22.58,25.33,24.43,24.32,24.27,24.15,"rsi14:8.1%, atr14:7.4%, close:5.3%"
770,ORI,SP400,Old Republic International Corporation,Insurance - Property & Casualty,Financial Services,2026-08-24,41.97,39.82,-5.11,38.52,41.15,42.02,41.81,41.53,40.97,"atr14:8.9%, rsi14:5.6%, ema9:5.4%"
771,WSC,SP600,WillScot Holdings Corporation,Rental & Leasing Services,Industrials,2026-08-24,22.53,21.38,-5.12,20.32,22.45,22.47,22.12,21.97,21.81,"atr14:9.2%, rsi14:7.7%, vol:4.1%"
772,IESC,SP400,"IES Holdings, Inc.",Engineering & Construction,Industrials,2026-08-24,324.12,307.46,-5.14,286.44,329.02,331.63,327.01,326.51,328.2,"atr14:9.1%, rsi14:7.4%, ema9:5.0%"
773,MTH,SP600,Meritage Homes Corporation,Residential Construction,Consumer Cyclical,2026-08-24,72.52,68.79,-5.15,65.14,72.49,73.15,73.33,71.68,69.57,"atr14:8.6%, rsi14:6.6%, ema9:5.1%"
774,OXY,SP500,Occidental Petroleum Corporation,Oil & Gas E&P,Energy,2026-08-24,60.11,57.01,-5.15,54.65,59.48,57.76,56.61,56.55,56.56,"rsi14:7.4%, atr14:7.3%, ema9:5.3%"
775,BRKR,SP400,Bruker Corporation,Medical Devices,Healthcare,2026-08-24,56.98,54.04,-5.17,50.97,57.16,58.54,58.75,57.45,56.02,"atr14:9.3%, rsi14:7.5%, vol:4.2%"
776,LRN,SP600,"Stride, Inc.",Education & Training Services,Consumer Defensive,2026-08-24,85.07,80.67,-5.17,75.79,85.81,82.99,81.5,80.56,80.59,"rsi14:7.7%, atr14:7.3%, ema9:4.2%"
777,UNH,SP500,UnitedHealth Group Incorporated,Healthcare Plans,Healthcare,2026-08-24,398.76,378.14,-5.17,361.67,394.64,406.15,406.72,402.45,394.77,"rsi14:7.2%, atr14:7.1%, ema9:5.3%"
778,JLL,SP400,Jones Lang LaSalle Incorporated,Real Estate Services,Real Estate,2026-08-24,387.21,367.18,-5.17,354.21,380.31,385.39,379.04,376.9,369.9,"atr14:8.8%, rsi14:6.8%, ema9:5.6%"
779,KO,SP500,The Coca-Cola Company,Beverages - Non-Alcoholic,Consumer Defensive,2026-08-24,91.99,87.21,-5.19,84.58,89.86,92.68,91.77,91.02,90.43,"atr14:8.2%, rsi14:5.5%, ema9:5.4%"
780,T,SP500,AT&T Inc.,Telecom Services,Communication Services,2026-08-24,25.69,24.35,-5.2,23.45,25.26,25.57,25.27,25.16,25.1,"atr14:8.4%, rsi14:6.3%, ema9:5.2%"
781,TMDX,SP600,"TransMedics Group, Inc.",Medical Devices,Healthcare,2026-08-24,93.6,88.68,-5.25,82.52,94.96,91.49,89.93,88.66,88.66,"rsi14:7.9%, atr14:7.7%, vol:4.4%"
782,EME,SP500,"EMCOR Group, Inc.",Engineering & Construction,Industrials,2026-08-24,764.9,724.56,-5.27,694.85,754.65,775.08,771.44,757.41,746.75,"atr14:9.8%, rsi14:6.6%, ema9:5.4%"
783,DXPE,SP600,"DXP Enterprises, Inc.",Industrial Distribution,Industrials,2026-08-24,186.8,176.92,-5.29,168.13,185.97,182.05,180.49,179.57,177.55,"atr14:9.6%, rsi14:7.3%, ema9:5.1%"
784,HNI,SP600,HNI Corporation,"Furnishings, Fixtures & Appliances",Consumer Cyclical,2026-08-24,49.02,46.43,-5.29,43.82,49.11,48.81,48.47,47.92,46.82,"atr14:8.8%, rsi14:7.7%, vol:4.2%"
785,AA,SP400,Alcoa Corporation,Aluminum,Basic Materials,2026-08-24,49.39,46.77,-5.31,44.0,49.66,47.61,46.78,46.28,46.59,"rsi14:7.9%, atr14:7.8%, vol:4.3%"
786,OSK,SP400,Oshkosh Corporation,Farm & Heavy Construction Machinery,Industrials,2026-08-24,156.33,148.02,-5.32,141.34,154.88,153.75,152.68,151.53,148.87,"atr14:9.4%, rsi14:7.3%, vol:4.0%"
787,PECO,SP600,"Phillips Edison & Company, Inc.",REIT - Retail,Real Estate,2026-08-24,39.63,37.52,-5.33,36.43,38.66,39.72,39.42,39.21,38.6,"atr14:6.1%, ema9:5.5%, high:5.3%"
788,THC,SP400,Tenet Healthcare Corporation,Medical Care Facilities,Healthcare,2026-08-24,278.59,263.68,-5.35,249.86,277.63,279.86,274.88,272.23,268.43,"atr14:9.5%, rsi14:6.5%, ema9:5.0%"
789,EPAM,SP600,"EPAM Systems, Inc.",Information Technology Services,Technology,2026-08-24,111.26,105.3,-5.36,99.45,111.26,109.4,106.18,104.79,104.87,"rsi14:7.8%, atr14:6.4%, close:6.1%"
790,HLI,SP400,"Houlihan Lokey, Inc.",Capital Markets,Financial Services,2026-08-24,128.95,122.01,-5.38,116.63,127.5,129.18,127.05,126.23,124.87,"atr14:8.8%, rsi14:7.5%, vol:4.3%"
791,KBH,SP400,KB Home,Residential Construction,Consumer Cyclical,2026-08-24,55.64,52.64,-5.39,49.87,55.47,56.27,56.63,55.84,53.75,"atr14:8.6%, rsi14:6.9%, ema9:5.0%"
792,PAHC,SP600,Phibro Animal Health Corporation,Drug Manufacturers - Specialty & Generic,Healthcare,2026-08-24,35.31,33.4,-5.4,31.58,35.27,35.12,34.91,34.68,34.65,"atr14:7.6%, rsi14:7.5%, vol:4.3%"
793,GIS,SP500,"General Mills, Inc.",Packaged Foods,Consumer Defensive,2026-08-24,40.92,38.71,-5.41,37.26,40.13,41.14,40.84,40.48,40.33,"atr14:7.2%, rsi14:6.8%, vol:4.7%"
794,XNCR,SP600,"Xencor, Inc.",Biotechnology,Healthcare,2026-08-24,29.0,27.43,-5.41,25.13,29.91,29.24,29.04,28.18,28.55,"rsi14:8.1%, atr14:6.7%, close:5.6%"
795,JBSS,SP600,"John B. Sanfilippo & Son, Inc.",Packaged Foods,Consumer Defensive,2026-08-24,75.49,71.37,-5.46,67.83,75.04,76.16,76.03,75.38,73.84,"atr14:8.9%, rsi14:6.0%, ema9:5.0%"
796,ACI,SP400,"Albertsons Companies, Inc.",Grocery Stores,Consumer Defensive,2026-08-24,12.61,11.92,-5.46,11.19,12.67,12.54,12.25,12.24,12.19,"rsi14:7.1%, atr14:7.1%, vol:4.5%"
797,RMD,SP500,ResMed Inc.,Medical Instruments & Supplies,Healthcare,2026-08-24,232.45,219.69,-5.49,209.96,229.57,236.17,235.12,231.43,226.78,"atr14:8.2%, rsi14:6.0%, ema9:5.0%"
798,SPHR,SP600,Sphere Entertainment Co.,Entertainment,Communication Services,2026-08-24,157.31,148.64,-5.51,139.7,157.73,153.8,151.18,151.33,152.09,"atr14:9.4%, rsi14:7.9%, vol:4.3%"
799,KVUE,SP500,Kenvue Inc.,Household & Personal Products,Consumer Defensive,2026-08-24,19.43,18.36,-5.52,17.72,18.97,19.76,19.62,19.49,19.09,"rsi14:6.4%, atr14:6.1%, ema9:4.4%"
800,TDW,SP600,Tidewater Inc.,Oil & Gas Equipment & Services,Energy,2026-08-24,92.92,87.78,-5.53,83.08,92.55,85.11,83.28,82.79,84.27,"atr14:8.8%, rsi14:7.6%, ema9:4.3%"
801,DE,SP500,Deere & Company,Farm & Heavy Construction Machinery,Industrials,2026-08-24,648.64,612.71,-5.54,590.02,636.0,646.29,631.97,629.29,617.25,"atr14:10.2%, rsi14:6.8%, ema9:5.6%"
802,ENR,SP600,"Energizer Holdings, Inc.",Electrical Equipment & Parts,Industrials,2026-08-24,21.48,20.29,-5.54,18.98,21.67,21.41,21.25,21.07,20.83,"rsi14:8.1%, atr14:6.3%, close:5.5%"
803,SYNA,SP400,Synaptics Incorporated,Semiconductors,Technology,2026-08-24,93.68,88.48,-5.55,82.48,94.8,96.41,95.55,93.26,92.25,"atr14:8.6%, rsi14:7.9%, vol:4.3%"
804,DFIN,SP600,"Donnelley Financial Solutions, Inc.",Software - Application,Technology,2026-08-24,47.39,44.75,-5.57,42.04,47.48,47.3,46.74,45.82,44.96,"atr14:8.5%, rsi14:7.8%, vol:4.3%"
805,MZTI,SP400,The Marzetti Company,Packaged Foods,Consumer Defensive,2026-08-24,115.76,109.3,-5.58,104.77,113.87,116.36,115.88,115.37,113.81,"atr14:7.0%, rsi14:6.5%, vol:4.8%"
806,YELP,SP600,Yelp Inc.,Internet Content & Information,Communication Services,2026-08-24,23.83,22.5,-5.58,20.91,24.21,24.0,23.69,23.44,23.43,"rsi14:8.1%, atr14:6.5%, close:6.2%"
807,IPAR,SP600,"Interparfums, Inc.",Household & Personal Products,Consumer Defensive,2026-08-24,116.8,110.22,-5.63,104.46,116.18,117.38,115.92,115.05,113.29,"atr14:8.7%, rsi14:6.7%, ema9:5.2%"
808,UE,SP600,Urban Edge Properties,REIT - Retail,Real Estate,2026-08-24,21.6,20.38,-5.63,19.75,21.02,21.51,21.48,21.35,21.02,"rsi14:6.2%, atr14:6.1%, ema9:5.9%"
809,CAR,SP400,"Avis Budget Group, Inc.",Rental & Leasing Services,Industrials,2026-08-24,146.88,138.58,-5.65,128.06,149.42,145.85,139.13,136.92,138.45,"rsi14:8.0%, atr14:7.1%, close:6.3%"
810,NOVT,SP400,Novanta Inc.,Scientific & Technical Instruments,Technology,2026-08-24,139.48,131.58,-5.66,124.82,138.55,142.08,140.49,141.15,139.35,"atr14:10.1%, rsi14:7.6%, ema9:4.2%"
811,INDV,SP600,"Indivior Pharmaceuticals, Inc.",Drug Manufacturers - Specialty & Generic,Healthcare,2026-08-24,36.18,34.13,-5.68,31.87,36.42,37.34,37.05,36.5,35.87,"atr14:9.2%, rsi14:7.6%, ema9:4.5%"
812,WHD,SP600,"Cactus, Inc.",Oil & Gas Equipment & Services,Energy,2026-08-24,68.05,64.18,-5.68,61.11,67.33,64.21,63.23,63.0,63.13,"atr14:7.9%, rsi14:7.8%, ema9:4.6%"
813,GRBK,SP600,"Green Brick Partners, Inc.",Residential Construction,Consumer Cyclical,2026-08-24,72.77,68.61,-5.71,64.92,72.43,72.92,72.79,71.85,70.27,"atr14:8.8%, rsi14:6.7%, ema9:5.6%"
814,IP,SP500,International Paper Company,Packaging & Containers,Consumer Cyclical,2026-08-24,41.04,38.68,-5.74,37.03,40.38,40.49,40.21,40.06,39.12,"atr14:8.0%, rsi14:7.2%, ema9:4.9%"
815,BX,SP500,Blackstone Inc.,Asset Management,Financial Services,2026-08-24,143.64,135.39,-5.75,129.48,141.36,143.32,141.5,140.0,136.95,"atr14:8.0%, rsi14:7.2%, ema9:5.3%"
816,CEG,SP500,Constellation Energy Corporation,Utilities - Independent Power Producers,Utilities,2026-08-24,273.43,257.68,-5.76,243.16,272.27,278.78,275.72,272.65,267.67,"atr14:8.3%, rsi14:6.9%, ema9:5.1%"
817,SO,SP500,The Southern Company,Utilities - Regulated Electric,Utilities,2026-08-24,90.1,84.9,-5.77,82.2,87.57,91.67,90.03,89.25,89.05,"atr14:7.2%, rsi14:5.7%, ema9:5.6%"
818,AAL,SP400,American Airlines Group Inc.,Airlines,Industrials,2026-08-24,13.63,12.84,-5.77,11.72,14.05,14.06,14.24,13.97,13.48,"rsi14:8.0%, atr14:6.3%, close:5.6%"
819,STC,SP600,Stewart Information Services Corporation,Insurance - Property & Casualty,Financial Services,2026-08-24,69.93,65.89,-5.78,62.46,69.38,70.42,70.38,69.75,68.02,"atr14:9.9%, rsi14:6.3%, ema9:5.5%"
820,PLTR,SP500,Palantir Technologies Inc.,Software - Infrastructure,Technology,2026-08-24,175.89,165.68,-5.8,155.44,175.88,171.0,165.97,165.0,165.3,"atr14:9.3%, rsi14:7.3%, ema9:4.8%"
821,MDT,SP500,Medtronic plc,Medical Devices,Healthcare,2026-08-24,92.9,87.5,-5.81,84.52,90.49,93.26,92.8,91.83,89.35,"rsi14:7.3%, atr14:7.0%, ema9:5.2%"
822,VNOM,SP400,"Viper Energy, Inc.",Oil & Gas Midstream,Energy,2026-08-24,44.71,42.11,-5.82,40.24,44.06,43.83,43.58,43.27,42.68,"atr14:7.4%, rsi14:6.4%, ema9:5.8%"
823,BFAM,SP600,Bright Horizons Family Solutions Inc.,Personal Services,Consumer Cyclical,2026-08-24,74.08,69.77,-5.82,66.51,73.11,73.86,73.68,72.32,71.3,"rsi14:8.2%, atr14:6.5%, macd:4.6%"
824,CTVA,SP500,"Corteva, Inc.",Agricultural Inputs,Basic Materials,2026-08-24,82.81,77.95,-5.87,74.8,81.16,81.82,81.0,80.29,78.83,"atr14:8.8%, rsi14:6.5%, ema9:5.5%"
825,FELE,SP600,"Franklin Electric Co., Inc.",Specialty Industrial Machinery,Industrials,2026-08-24,103.15,97.08,-5.88,93.38,100.84,102.92,102.06,101.26,99.19,"atr14:8.6%, rsi14:6.0%, ema9:5.5%"
826,TROW,SP500,"T. Rowe Price Group, Inc.",Asset Management,Financial Services,2026-08-24,112.3,105.62,-5.95,102.09,109.16,112.73,112.59,111.84,108.23,"rsi14:7.0%, atr14:6.7%, ema9:4.9%"
827,BXP,SP500,"BXP, Inc.",REIT - Office,Real Estate,2026-08-24,69.99,65.82,-5.95,63.57,68.04,68.94,68.38,67.82,67.46,"rsi14:7.8%, atr14:6.0%, ema9:4.5%"
828,HZO,SP600,"MarineMax, Inc.",Specialty Retail,Consumer Cyclical,2026-08-24,52.13,49.02,-5.96,46.4,51.75,51.91,51.52,50.62,49.85,"rsi14:7.7%, atr14:7.1%, ema9:4.5%"
829,RGEN,SP400,Repligen Corporation,Medical Instruments & Supplies,Healthcare,2026-08-24,181.62,170.79,-5.96,160.81,181.11,184.94,184.15,182.17,179.04,"atr14:8.2%, rsi14:7.4%, vol:4.4%"
830,APA,SP500,APA Corporation,Oil & Gas E&P,Energy,2026-08-24,42.96,40.4,-5.96,38.32,42.54,40.89,39.47,38.8,38.87,"rsi14:8.2%, atr14:6.4%, close:5.0%"
831,THG,SP400,"The Hanover Insurance Group, Inc.",Insurance - Property & Casualty,Financial Services,2026-08-24,227.47,213.9,-5.97,206.68,221.19,229.14,228.02,226.48,222.76,"atr14:8.9%, rsi14:5.9%, ema9:5.3%"
832,MTD,SP500,Mettler-Toledo International Inc.,Diagnostics & Research,Healthcare,2026-08-24,1398.89,1314.71,-6.02,1267.72,1361.16,1410.0,1394.94,1379.69,1344.22,"atr14:9.0%, rsi14:6.9%, ema9:5.1%"
833,NEOG,SP600,Neogen Corporation,Medical Devices,Healthcare,2026-08-24,11.6,10.9,-6.03,10.34,11.48,11.52,11.5,11.45,11.52,"rsi14:8.0%, atr14:6.1%, close:5.4%"
834,NEE,SP500,"NextEra Energy, Inc.",Utilities - Regulated Electric,Utilities,2026-08-24,84.1,78.99,-6.08,76.48,81.44,85.89,84.56,83.7,83.36,"atr14:7.3%, ema9:5.4%, rsi14:5.3%"
835,NXRT,SP600,"NexPoint Residential Trust, Inc.",REIT - Residential,Real Estate,2026-08-24,24.7,23.2,-6.08,22.17,24.22,25.2,25.25,24.69,24.07,"rsi14:6.9%, atr14:6.2%, ema9:4.4%"
836,FNF,SP400,"Fidelity National Financial, Inc.",Insurance - Specialty,Financial Services,2026-08-24,47.43,44.54,-6.1,42.68,46.44,47.83,47.74,47.35,46.27,"atr14:8.2%, rsi14:6.1%, ema9:5.3%"
837,SGI,SP400,Somnigroup International Inc.,"Furnishings, Fixtures & Appliances",Consumer Cyclical,2026-08-24,64.31,60.39,-6.1,56.68,64.15,64.7,64.15,63.47,61.5,"atr14:10.3%, rsi14:6.5%, ema9:5.1%"
838,RRX,SP400,Regal Rexnord Corporation,Specialty Industrial Machinery,Industrials,2026-08-24,162.72,152.72,-6.15,146.12,159.41,162.3,160.12,159.78,159.2,"atr14:9.7%, rsi14:7.2%, ema9:5.0%"
839,REGN,SP500,"Regeneron Pharmaceuticals, Inc.",Biotechnology,Healthcare,2026-08-24,828.5,777.49,-6.16,741.44,814.39,832.16,831.23,817.87,800.33,"atr14:8.6%, rsi14:6.4%, ema9:4.6%"
840,HUBG,SP600,"Hub Group, Inc.",Integrated Freight & Logistics,Industrials,2026-08-24,40.21,37.73,-6.18,35.95,39.54,40.6,40.29,40.17,39.73,"atr14:9.0%, rsi14:6.9%, ema9:5.6%"
841,CSR,SP600,Centerspace,REIT - Residential,Real Estate,2026-08-24,54.6,51.23,-6.18,49.43,53.02,54.18,54.0,53.68,53.15,"atr14:7.4%, rsi14:6.5%, ema9:4.6%"
842,MMS,SP400,"Maximus, Inc.",Specialty Business Services,Industrials,2026-08-24,58.24,54.64,-6.18,52.11,57.22,57.44,56.68,56.41,55.92,"atr14:8.6%, rsi14:7.1%, ema9:4.9%"
843,DTM,SP400,"DT Midstream, Inc.",Oil & Gas Midstream,Energy,2026-08-24,125.74,117.97,-6.18,113.47,122.6,122.75,121.98,121.54,120.0,"atr14:8.7%, rsi14:6.2%, ema9:5.7%"
844,EFC,SP600,Ellington Financial Inc.,REIT - Mortgage,Real Estate,2026-08-24,13.62,12.77,-6.21,12.39,13.18,13.65,13.62,13.59,13.42,"atr14:6.1%, rsi14:5.9%, high:5.8%"
845,CNS,SP600,"Cohen & Steers, Inc.",Asset Management,Financial Services,2026-08-24,83.16,77.98,-6.22,74.53,81.49,84.24,84.29,83.51,80.73,"atr14:7.9%, rsi14:6.6%, ema9:5.4%"
846,DVA,SP500,DaVita Inc.,Medical Care Facilities,Healthcare,2026-08-24,176.5,165.5,-6.23,158.3,172.77,176.72,176.75,174.05,171.86,"atr14:8.7%, rsi14:6.8%, ema9:5.3%"
847,PZZA,SP600,"Papa John's International, Inc.",Restaurants,Consumer Cyclical,2026-08-24,24.08,22.57,-6.25,21.27,23.94,24.4,24.23,24.08,23.92,"rsi14:7.6%, atr14:7.3%, close:5.1%"
848,CBT,SP400,Cabot Corporation,Specialty Chemicals,Basic Materials,2026-08-24,83.88,78.61,-6.28,75.07,82.2,83.16,81.87,81.32,79.73,"atr14:9.0%, rsi14:7.1%, ema9:5.4%"
849,REYN,SP600,Reynolds Consumer Products Inc.,Packaging & Containers,Consumer Cyclical,2026-08-24,25.29,23.7,-6.28,22.72,24.71,25.37,25.29,25.13,24.73,"rsi14:6.0%, atr14:5.4%, high:4.2%"
850,COP,SP500,ConocoPhillips,Oil & Gas E&P,Energy,2026-08-24,133.35,124.96,-6.29,120.95,129.15,127.89,126.13,125.8,125.28,"atr14:8.9%, rsi14:6.8%, ema9:5.7%"
851,TOST,SP400,"Toast, Inc.",Software - Infrastructure,Technology,2026-08-24,36.71,34.4,-6.3,32.46,36.39,36.94,36.24,35.4,34.87,"rsi14:8.1%, atr14:5.9%, vol:4.7%"
852,CVI,SP600,"CVR Energy, Inc.",Oil & Gas Refining & Marketing,Energy,2026-08-24,38.03,35.63,-6.32,33.39,37.88,35.75,34.59,34.25,34.37,"atr14:9.9%, rsi14:7.3%, ema9:4.9%"
853,FITB,SP500,Fifth Third Bancorp,Banks - Regional,Financial Services,2026-08-24,54.9,51.41,-6.36,49.8,53.1,54.26,54.22,53.99,52.44,"atr14:8.7%, rsi14:6.5%, ema9:5.7%"
854,SLGN,SP400,Silgan Holdings Inc.,Packaging & Containers,Consumer Cyclical,2026-08-24,42.5,39.79,-6.38,38.27,41.3,42.7,42.2,41.72,41.03,"atr14:9.5%, rsi14:6.5%, ema9:4.7%"
855,EXR,SP500,Extra Space Storage Inc.,REIT - Industrial,Real Estate,2026-08-24,146.25,136.92,-6.38,131.95,141.77,148.94,148.42,146.72,142.43,"atr14:7.9%, rsi14:6.2%, ema9:5.3%"
856,WEC,SP500,"WEC Energy Group, Inc.",Utilities - Regulated Electric,Utilities,2026-08-24,107.58,100.71,-6.38,97.54,103.84,109.45,107.99,107.12,106.48,"atr14:6.4%, high:5.7%, ema9:5.5%"
857,AMD,SP500,"Advanced Micro Devices, Inc.",Semiconductors,Technology,2026-08-24,456.75,427.54,-6.4,396.8,458.56,468.56,472.86,456.53,438.97,"atr14:9.4%, rsi14:7.9%, vol:4.2%"
858,KRYS,SP400,"Krystal Biotech, Inc.",Biotechnology,Healthcare,2026-08-24,341.72,319.8,-6.42,299.87,340.15,343.87,344.61,341.23,332.68,"atr14:9.5%, rsi14:6.3%, ema9:5.5%"
859,VSAT,SP600,"Viasat, Inc.",Communication Equipment,Technology,2026-08-24,72.28,67.64,-6.42,63.49,71.82,69.72,69.61,69.85,68.01,"atr14:9.3%, rsi14:7.9%, vol:4.5%"
860,MMI,SP600,"Marcus & Millichap, Inc.",Real Estate Services,Real Estate,2026-08-24,32.42,30.33,-6.43,28.98,31.72,32.22,31.79,31.58,30.96,"rsi14:7.8%, atr14:6.2%, ema9:4.4%"
861,SSD,SP400,"Simpson Manufacturing Co., Inc.",Lumber & Wood Production,Basic Materials,2026-08-24,187.53,175.38,-6.48,167.63,183.2,189.92,187.17,185.54,182.56,"atr14:9.9%, rsi14:6.6%, ema9:5.6%"
862,SPNT,SP600,SiriusPoint Ltd.,Insurance - Reinsurance,Financial Services,2026-08-24,24.02,22.46,-6.5,21.45,23.49,23.9,23.61,23.44,23.08,"atr14:10.1%, rsi14:6.2%, ema9:5.5%"
863,TNL,SP400,Travel + Leisure Co.,Travel Services,Consumer Cyclical,2026-08-24,73.12,68.35,-6.52,65.69,71.06,72.12,70.87,70.5,69.45,"atr14:8.6%, rsi14:6.6%, ema9:5.8%"
864,CUBE,SP400,CubeSmart,REIT - Industrial,Real Estate,2026-08-24,40.91,38.24,-6.53,36.79,39.67,41.54,41.41,41.05,39.87,"atr14:7.9%, rsi14:6.2%, ema9:5.4%"
865,AIR,SP600,AAR Corp.,Aerospace & Defense,Industrials,2026-08-24,134.64,125.85,-6.53,119.48,132.23,133.01,130.45,130.13,128.59,"atr14:10.0%, rsi14:7.0%, ema9:5.4%"
866,SON,SP400,Sonoco Products Company,Packaging & Containers,Consumer Cyclical,2026-08-24,57.49,53.73,-6.54,51.94,55.55,57.54,56.6,56.13,54.97,"atr14:7.9%, rsi14:6.9%, ema9:5.7%"
867,MSEX,SP600,Middlesex Water Company,Utilities - Regulated Water,Utilities,2026-08-24,59.47,55.58,-6.55,53.19,57.89,60.62,60.49,59.12,57.99,"rsi14:6.7%, atr14:6.6%, ema9:4.6%"
868,OUT,SP600,OUTFRONT Media Inc.,REIT - Specialty,Real Estate,2026-08-24,30.42,28.43,-6.55,27.05,29.81,30.19,30.15,30.13,29.81,"atr14:7.5%, rsi14:6.8%, ema9:6.0%"
869,WFRD,SP400,Weatherford International plc,Oil & Gas Equipment & Services,Energy,2026-08-24,88.73,82.91,-6.56,77.98,87.91,83.16,80.9,79.98,79.91,"atr14:9.1%, rsi14:7.1%, ema9:4.9%"
870,AIZ,SP500,"Assurant, Inc.",Insurance - Property & Casualty,Financial Services,2026-08-24,287.81,268.86,-6.59,259.06,278.83,288.72,287.34,286.48,281.16,"atr14:9.3%, rsi14:6.0%, ema9:5.4%"
871,MTDR,SP400,Matador Resources Company,Oil & Gas E&P,Energy,2026-08-24,57.5,53.71,-6.59,50.86,56.6,54.56,53.69,53.32,52.77,"atr14:8.5%, rsi14:6.8%, ema9:5.5%"
872,DOW,SP500,Dow Inc.,Chemicals,Basic Materials,2026-08-24,31.44,29.36,-6.61,28.11,30.64,30.25,29.73,29.66,29.86,"rsi14:8.0%, atr14:7.7%, vol:4.8%"
873,BCC,SP600,Boise Cascade Company,Lumber & Wood Production,Basic Materials,2026-08-24,82.24,76.8,-6.61,72.65,81.04,82.48,80.63,79.96,78.29,"atr14:8.0%, rsi14:7.4%, ema9:4.5%"
874,ASO,SP600,"Academy Sports and Outdoors, Inc.",Specialty Retail,Consumer Cyclical,2026-08-24,46.15,43.1,-6.62,40.28,46.01,46.5,45.7,45.28,44.3,"atr14:8.7%, rsi14:7.4%, ema9:4.2%"
875,LFUS,SP400,"Littelfuse, Inc.",Electronic Components,Technology,2026-08-24,403.37,376.59,-6.64,358.81,394.55,406.65,403.77,402.03,396.41,"atr14:10.2%, rsi14:7.0%, ema9:5.4%"
876,GVA,SP600,Granite Construction Incorporated,Engineering & Construction,Industrials,2026-08-24,123.14,114.96,-6.64,108.85,121.28,124.67,123.18,121.91,118.72,"atr14:9.5%, rsi14:7.0%, ema9:5.4%"
877,BCO,SP400,The Brink's Company,Security & Protection Services,Industrials,2026-08-24,112.78,105.28,-6.65,100.82,109.83,110.04,108.63,107.87,107.05,"atr14:8.8%, rsi14:7.2%, ema9:5.3%"
878,AGNT,SP600,"AGNT, Inc",Real Estate Services,Real Estate,2026-08-24,4.55,4.25,-6.7,3.81,4.69,4.57,4.35,4.22,4.27,"rsi14:7.7%, close:7.1%, atr14:6.4%"
879,CTS,SP600,CTS Corporation,Electronic Components,Technology,2026-08-24,56.13,52.36,-6.72,49.62,55.15,56.68,56.09,55.26,54.26,"atr14:10.2%, rsi14:6.8%, ema9:5.5%"
880,ARR,SP600,"ARMOUR Residential REIT, Inc.",REIT - Mortgage,Real Estate,2026-08-24,16.38,15.28,-6.72,14.64,15.93,16.41,16.27,16.12,16.04,"rsi14:7.8%, atr14:6.0%, vol:4.2%"
881,CHCO,SP600,City Holding Company,Banks - Regional,Financial Services,2026-08-24,144.93,135.16,-6.74,131.29,139.15,142.27,141.49,140.38,138.26,"atr14:9.0%, rsi14:5.7%, ema9:5.2%"
882,ED,SP500,"Consolidated Edison, Inc.",Utilities - Regulated Electric,Utilities,2026-08-24,107.71,100.4,-6.78,97.23,103.48,108.84,107.21,106.33,105.65,"atr14:6.8%, ema9:5.6%, rsi14:5.5%"
883,COLM,SP400,Columbia Sportswear Company,Apparel Manufacturing,Consumer Cyclical,2026-08-24,60.08,55.99,-6.81,52.93,59.1,59.99,59.39,59.09,58.99,"rsi14:7.7%, atr14:7.3%, ema9:4.3%"
884,THO,SP400,"THOR Industries, Inc.",Recreational Vehicles,Consumer Cyclical,2026-08-24,79.42,74.0,-6.83,69.63,78.48,78.38,77.6,77.32,76.09,"atr14:8.1%, rsi14:7.5%, vol:4.2%"
885,TDC,SP600,Teradata Corporation,Software - Infrastructure,Technology,2026-08-24,27.52,25.64,-6.84,23.96,27.39,27.69,27.38,27.15,27.36,"rsi14:8.1%, atr14:7.1%, vol:4.6%"
886,ROG,SP600,Rogers Corporation,Electronic Components,Technology,2026-08-24,122.84,114.43,-6.84,107.58,121.44,124.95,124.05,122.35,119.72,"atr14:8.3%, rsi14:7.9%, vol:4.2%"
887,CRC,SP600,California Resources Corporation,Oil & Gas E&P,Energy,2026-08-24,52.35,48.76,-6.85,46.27,51.28,49.21,48.06,47.73,47.8,"atr14:8.9%, rsi14:7.3%, ema9:4.7%"
888,STT,SP500,State Street Corporation,Asset Management,Financial Services,2026-08-24,190.92,177.81,-6.87,172.0,183.84,188.52,187.92,186.88,183.77,"atr14:8.9%, rsi14:6.6%, ema9:5.5%"
889,WMS,SP400,"Advanced Drainage Systems, Inc.",Building Products & Equipment,Industrials,2026-08-24,140.46,130.8,-6.88,123.95,137.85,140.87,138.29,136.72,134.47,"atr14:9.1%, rsi14:7.0%, ema9:5.5%"
890,MRTN,SP600,"Marten Transport, Ltd.",Trucking,Industrials,2026-08-24,14.67,13.66,-6.88,13.01,14.33,14.67,14.56,14.46,14.2,"atr14:7.6%, rsi14:6.6%, ema9:5.3%"
891,PEG,SP500,Public Service Enterprise Group Incorporated,Utilities - Regulated Electric,Utilities,2026-08-24,73.53,68.46,-6.9,66.14,70.7,75.45,74.71,73.92,73.15,"atr14:7.8%, ema9:5.4%, rsi14:5.3%"
892,M,SP400,"Macy's, Inc.",Department Stores,Consumer Cyclical,2026-08-24,23.18,21.58,-6.9,20.07,23.14,23.31,22.89,22.68,21.7,"atr14:8.2%, rsi14:8.0%, vol:4.0%"
893,PRIM,SP600,Primoris Services Corporation,Engineering & Construction,Industrials,2026-08-24,75.14,69.95,-6.91,65.86,74.13,71.97,71.17,70.32,70.41,"atr14:8.2%, rsi14:7.7%, vol:4.6%"
894,MOS,SP500,The Mosaic Company,Agricultural Inputs,Basic Materials,2026-08-24,24.0,22.34,-6.93,21.15,23.58,23.64,23.18,22.83,22.52,"rsi14:7.7%, atr14:6.2%, close:5.4%"
895,ADC,SP400,Agree Realty Corporation,REIT - Retail,Real Estate,2026-08-24,74.58,69.4,-6.94,67.2,71.64,75.31,75.16,74.45,72.83,"atr14:6.3%, high:5.6%, ema9:5.5%"
896,RITM,SP600,Rithm Capital Corp.,REIT - Mortgage,Real Estate,2026-08-24,10.25,9.54,-6.95,9.14,9.94,10.27,10.23,10.2,9.91,"rsi14:7.5%, atr14:6.1%, ema9:5.7%"
897,HR,SP400,Healthcare Realty Trust Incorporated,REIT - Healthcare Facilities,Real Estate,2026-08-24,19.32,17.98,-6.96,17.45,18.51,19.61,19.52,19.26,18.92,"atr14:6.4%, high:5.7%, ema9:5.4%"
898,TALO,SP600,Talos Energy Inc.,Oil & Gas E&P,Energy,2026-08-24,16.93,15.75,-6.98,14.7,16.81,15.72,15.18,15.04,15.19,"rsi14:7.6%, atr14:6.9%, vol:4.4%"
899,KRC,SP400,Kilroy Realty Corporation,REIT - Office,Real Estate,2026-08-24,36.88,34.3,-6.98,32.97,35.59,36.32,36.09,35.9,35.55,"rsi14:8.1%, atr14:6.1%, macd:4.4%"
900,VC,SP400,Visteon Corporation,Auto Parts,Consumer Cyclical,2026-08-24,101.86,94.75,-6.98,90.17,99.46,98.23,97.43,96.22,95.35,"atr14:8.8%, rsi14:7.5%, ema9:4.3%"
901,ATR,SP400,"AptarGroup, Inc.",Medical Instruments & Supplies,Healthcare,2026-08-24,134.75,125.31,-7.0,120.82,129.77,136.28,134.77,132.98,129.62,"atr14:8.3%, rsi14:6.4%, ema9:5.0%"
902,AMKR,SP400,"Amkor Technology, Inc.",Semiconductor Equipment & Materials,Technology,2026-08-24,47.9,44.54,-7.01,41.44,47.73,49.24,48.31,46.61,44.91,"atr14:9.1%, rsi14:7.7%, vol:4.6%"
903,DTE,SP500,DTE Energy Company,Utilities - Regulated Electric,Utilities,2026-08-24,135.66,126.15,-7.01,122.29,129.93,138.08,135.36,134.07,133.69,"atr14:7.1%, rsi14:5.9%, ema9:5.6%"
904,WLK,SP400,Westlake Corporation,Specialty Chemicals,Basic Materials,2026-08-24,76.49,71.13,-7.01,67.97,74.38,73.7,72.98,72.36,71.57,"atr14:8.5%, rsi14:6.6%, ema9:4.4%"
905,BRC,SP600,Brady Corporation,Security & Protection Services,Industrials,2026-08-24,94.38,87.76,-7.01,84.09,91.46,94.59,93.25,92.48,90.64,"atr14:9.4%, rsi14:6.8%, ema9:5.4%"
906,CGNX,SP400,Cognex Corporation,Scientific & Technical Instruments,Technology,2026-08-24,58.54,54.43,-7.03,51.44,57.44,59.42,58.97,57.83,56.85,"atr14:10.0%, rsi14:7.5%, vol:4.4%"
907,APD,SP500,"Air Products and Chemicals, Inc.",Specialty Chemicals,Basic Materials,2026-08-24,306.24,284.7,-7.03,275.23,294.32,306.1,303.29,301.16,295.04,"atr14:7.8%, rsi14:6.2%, ema9:5.6%"
908,ECL,SP500,Ecolab Inc.,Specialty Chemicals,Basic Materials,2026-08-24,286.98,266.78,-7.04,258.09,275.42,288.88,284.47,281.93,275.7,"atr14:7.8%, rsi14:6.5%, ema9:5.6%"
909,SHAK,SP600,Shake Shack Inc.,Restaurants,Consumer Cyclical,2026-08-24,75.44,70.13,-7.04,65.69,74.59,74.8,72.65,72.33,71.68,"atr14:7.7%, rsi14:7.5%, vol:4.6%"
910,CI,SP500,The Cigna Group,Healthcare Plans,Healthcare,2026-08-24,280.45,260.71,-7.04,249.19,272.16,280.49,280.6,277.78,269.63,"atr14:8.0%, rsi14:7.0%, ema9:5.7%"
911,AEP,SP500,"American Electric Power Company, Inc.",Utilities - Regulated Electric,Utilities,2026-08-24,121.98,113.39,-7.04,109.85,116.81,124.52,122.58,121.2,120.48,"atr14:6.7%, ema9:5.6%, rsi14:5.4%"
912,ANDE,SP600,"The Andersons, Inc.",Food Distribution,Consumer Defensive,2026-08-24,65.76,61.12,-7.05,57.76,64.59,64.67,64.33,63.86,63.22,"atr14:9.2%, rsi14:6.1%, ema9:5.4%"
913,NPK,SP600,"National Presto Industries, Inc.",Aerospace & Defense,Industrials,2026-08-24,155.14,144.19,-7.06,137.82,150.58,154.78,153.39,152.63,151.14,"atr14:8.9%, rsi14:6.1%, ema9:5.3%"
914,OFG,SP600,OFG Bancorp,Banks - Regional,Financial Services,2026-08-24,52.36,48.66,-7.07,46.7,50.68,51.86,51.78,51.47,49.88,"atr14:8.3%, rsi14:6.1%, ema9:5.5%"
915,SAM,SP400,"The Boston Beer Company, Inc.",Beverages - Brewers,Consumer Defensive,2026-08-24,189.44,175.99,-7.1,165.07,187.3,188.52,187.33,185.74,183.9,"rsi14:7.1%, atr14:5.9%, close:5.7%"
916,ESS,SP500,"Essex Property Trust, Inc.",REIT - Residential,Real Estate,2026-08-24,293.61,272.73,-7.11,264.61,280.91,297.54,295.53,291.93,285.06,"atr14:6.4%, rsi14:5.9%, ema9:5.7%"
917,ST,SP400,Sensata Technologies Holding plc,Scientific & Technical Instruments,Technology,2026-08-24,41.96,38.97,-7.12,37.2,40.74,41.28,40.81,40.67,40.3,"atr14:8.6%, rsi14:8.0%, vol:4.3%"
918,CINF,SP500,Cincinnati Financial Corporation,Insurance - Property & Casualty,Financial Services,2026-08-24,171.21,158.99,-7.14,153.79,164.16,171.34,171.09,169.45,164.86,"atr14:8.4%, rsi14:6.5%, ema9:5.7%"
919,PHIN,SP600,PHINIA Inc.,Auto Parts,Consumer Cyclical,2026-08-24,71.23,66.14,-7.15,62.46,69.88,70.77,68.75,68.53,66.97,"atr14:9.1%, rsi14:6.8%, ema9:5.7%"
920,EPAC,SP600,Enerpac Tool Group Corp.,Specialty Industrial Machinery,Industrials,2026-08-24,37.15,34.49,-7.17,33.09,35.92,36.54,36.4,36.14,35.23,"rsi14:7.7%, atr14:7.4%, ema9:4.7%"
921,EPRT,SP600,"Essential Properties Realty Trust, Inc.",REIT - Retail,Real Estate,2026-08-24,30.98,28.75,-7.19,27.8,29.71,31.19,31.09,30.89,30.14,"atr14:6.4%, high:6.2%, ema9:5.3%"
922,TMUS,SP500,"T-Mobile US, Inc.",Telecom Services,Communication Services,2026-08-24,182.62,169.43,-7.22,160.9,178.14,184.05,182.44,180.58,175.75,"atr14:8.8%, rsi14:6.3%, ema9:5.1%"
923,CVS,SP500,CVS Health Corporation,Healthcare Plans,Healthcare,2026-08-24,94.11,87.31,-7.22,83.65,90.88,94.38,93.5,92.43,91.15,"atr14:9.3%, rsi14:6.5%, ema9:5.5%"
924,NI,SP500,NiSource Inc.,Utilities - Regulated Gas,Utilities,2026-08-24,40.83,37.88,-7.22,36.59,39.13,41.51,40.91,40.39,40.26,"atr14:7.6%, ema9:5.5%, rsi14:5.3%"
925,TPL,SP500,Texas Pacific Land Corporation,Oil & Gas E&P,Energy,2026-08-24,373.45,346.45,-7.23,327.47,365.43,358.28,349.74,347.27,346.02,"atr14:8.2%, rsi14:7.8%, vol:4.3%"
926,CACC,SP600,Credit Acceptance Corporation,Credit Services,Financial Services,2026-08-24,603.07,559.45,-7.23,525.06,594.41,612.49,605.31,597.45,587.13,"atr14:8.2%, rsi14:7.1%, ema9:5.7%"
927,WWD,SP400,"Woodward, Inc.",Aerospace & Defense,Industrials,2026-08-24,333.15,309.0,-7.25,296.42,321.63,334.95,329.59,323.75,316.41,"atr14:9.9%, rsi14:6.2%, ema9:5.4%"
928,MRCY,SP600,"Mercury Systems, Inc.",Aerospace & Defense,Industrials,2026-08-24,89.59,83.07,-7.27,77.5,88.8,90.69,90.48,88.91,86.37,"atr14:10.0%, rsi14:7.3%, ema9:4.6%"
929,WD,SP600,"Walker & Dunlop, Inc.",Mortgage Finance,Financial Services,2026-08-24,39.48,36.61,-7.27,34.47,38.77,39.1,38.75,38.6,37.99,"rsi14:7.7%, atr14:7.6%, vol:4.4%"
930,BWA,SP400,BorgWarner Inc.,Auto Parts,Consumer Cyclical,2026-08-24,64.36,59.67,-7.28,56.94,62.44,63.36,62.97,62.63,61.21,"atr14:9.5%, rsi14:7.2%, ema9:5.2%"
931,AM,SP400,Antero Midstream Corporation,Oil & Gas Midstream,Energy,2026-08-24,22.14,20.52,-7.29,19.56,21.53,21.56,21.42,21.31,20.95,"atr14:6.9%, rsi14:6.8%, ema9:6.0%"
932,MGY,SP600,Magnolia Oil & Gas Corporation,Oil & Gas E&P,Energy,2026-08-24,27.22,25.23,-7.31,23.98,26.53,26.37,26.05,25.92,25.65,"atr14:9.0%, rsi14:6.1%, ema9:5.4%"
933,ALGT,SP600,Allegiant Travel Company,Airlines,Industrials,2026-08-24,81.63,75.66,-7.31,69.94,81.7,82.3,81.26,81.17,79.35,"rsi14:7.9%, atr14:7.5%, vol:4.7%"
934,COO,SP500,"The Cooper Companies, Inc.",Medical Instruments & Supplies,Healthcare,2026-08-24,75.8,70.25,-7.32,66.4,74.21,75.64,75.41,74.34,73.08,"rsi14:7.4%, atr14:5.2%, vol:4.7%"
935,YUM,SP500,"Yum! Brands, Inc.",Restaurants,Consumer Cyclical,2026-08-24,157.35,145.83,-7.32,139.97,151.62,159.1,157.88,156.04,152.37,"atr14:8.7%, rsi14:5.9%, ema9:5.5%"
936,INVX,SP600,"Innovex International, Inc.",Oil & Gas Equipment & Services,Energy,2026-08-24,28.62,26.52,-7.32,24.71,28.4,27.29,26.98,26.88,27.11,"rsi14:7.6%, atr14:6.4%, close:5.8%"
937,ELS,SP400,"Equity LifeStyle Properties, Inc.",REIT - Residential,Real Estate,2026-08-24,65.74,60.92,-7.33,59.13,62.7,67.15,66.8,66.31,64.58,"atr14:6.3%, rsi14:5.6%, ema9:5.4%"
938,CAG,SP600,"Conagra Brands, Inc.",Packaged Foods,Consumer Defensive,2026-08-24,16.67,15.45,-7.33,14.81,16.05,16.6,16.51,16.39,16.3,"rsi14:7.7%, atr14:6.5%, vol:4.4%"
939,POOL,SP600,Pool Corporation,Industrial Distribution,Industrials,2026-08-24,188.24,174.43,-7.34,166.59,182.26,189.1,185.99,184.87,181.88,"atr14:7.7%, rsi14:7.2%, vol:4.3%"
940,SRE,SP500,Sempra,Utilities - Diversified,Utilities,2026-08-24,84.57,78.36,-7.34,75.76,80.86,86.58,85.28,83.99,83.19,"atr14:7.0%, rsi14:5.6%, ema9:5.6%"
941,NSSC,SP600,"Napco Security Technologies, Inc.",Security & Protection Services,Industrials,2026-08-24,37.59,34.83,-7.34,32.98,36.73,38.22,37.63,37.08,36.07,"atr14:7.7%, rsi14:7.5%, ema9:4.9%"
942,MGM,SP500,MGM Resorts International,Resorts & Casinos,Consumer Cyclical,2026-08-24,43.69,40.47,-7.37,38.24,42.79,43.89,43.41,43.27,41.97,"atr14:7.2%, rsi14:7.2%, ema9:4.5%"
943,OVV,SP400,Ovintiv Inc.,Oil & Gas E&P,Energy,2026-08-24,65.92,61.06,-7.38,57.98,64.26,63.15,61.6,61.5,61.27,"rsi14:7.5%, atr14:6.9%, ema9:4.4%"
944,AMSF,SP600,"AMERISAFE, Inc.",Insurance - Specialty,Financial Services,2026-08-24,26.42,24.47,-7.38,23.24,25.7,26.58,26.51,26.19,25.75,"rsi14:6.6%, atr14:6.5%, ema9:5.0%"
945,FRT,SP500,Federal Realty Investment Trust,REIT - Retail,Real Estate,2026-08-24,117.54,108.84,-7.4,106.04,111.78,118.51,117.84,116.21,113.97,"atr14:6.2%, high:5.6%, ema9:5.5%"
946,AGX,SP600,"Argan, Inc.",Engineering & Construction,Industrials,2026-08-24,468.98,434.23,-7.41,407.86,461.35,480.69,473.47,475.96,471.0,"atr14:9.8%, rsi14:7.4%, vol:4.3%"
947,CENTA,SP600,Central Garden & Pet Company,Packaged Foods,Consumer Defensive,2026-08-24,38.36,35.52,-7.41,33.62,37.45,38.58,38.11,37.66,36.88,"atr14:9.0%, rsi14:6.5%, ema9:5.5%"
948,ENTG,SP400,"Entegris, Inc.",Semiconductor Equipment & Materials,Technology,2026-08-24,138.25,128.0,-7.42,120.38,135.66,140.52,137.19,134.59,131.87,"atr14:8.8%, rsi14:7.8%, vol:4.5%"
949,PNC,SP500,"The PNC Financial Services Group, Inc.",Banks - Regional,Financial Services,2026-08-24,243.68,225.6,-7.42,218.85,232.71,242.78,242.44,241.25,232.97,"atr14:8.5%, rsi14:6.1%, ema9:5.5%"
950,MLM,SP500,"Martin Marietta Materials, Inc.",Building Materials,Basic Materials,2026-08-24,533.11,493.54,-7.42,472.14,515.03,537.44,525.22,519.09,506.92,"atr14:10.3%, rsi14:6.0%, ema9:5.2%"
951,WPC,SP400,W. P. Carey Inc.,REIT - Diversified,Real Estate,2026-08-24,71.58,66.26,-7.43,64.41,68.15,71.98,71.61,70.91,69.74,"atr14:6.3%, high:5.7%, ema9:5.5%"
952,CNP,SP500,"CenterPoint Energy, Inc.",Utilities - Regulated Electric,Utilities,2026-08-24,39.1,36.19,-7.44,34.94,37.41,39.82,39.15,38.68,38.55,"atr14:7.9%, ema9:5.6%, rsi14:5.6%"
953,NBIX,SP400,"Neurocrine Biosciences, Inc.",Drug Manufacturers - Specialty & Generic,Healthcare,2026-08-24,153.04,141.66,-7.44,133.6,149.91,155.33,155.98,153.47,146.27,"atr14:9.7%, rsi14:6.2%, ema9:5.5%"
954,SLAB,SP400,Silicon Laboratories Inc.,Semiconductors,Technology,2026-08-24,218.08,201.78,-7.47,195.53,208.4,216.99,216.22,213.05,207.65,"high:6.5%, atr14:6.0%, ema9:5.3%"
955,KALU,SP600,Kaiser Aluminum Corporation,Aluminum,Basic Materials,2026-08-24,152.5,141.08,-7.49,133.94,148.34,150.95,149.95,149.87,146.33,"atr14:9.9%, rsi14:7.2%, ema9:4.6%"
956,ARLO,SP600,"Arlo Technologies, Inc.",Building Products & Equipment,Industrials,2026-08-24,13.09,12.11,-7.49,11.25,12.96,12.89,12.82,12.69,12.58,"atr14:7.7%, rsi14:7.3%, ema9:5.2%"
957,BYD,SP400,Boyd Gaming Corporation,Resorts & Casinos,Consumer Cyclical,2026-08-24,81.0,74.93,-7.49,71.25,78.75,80.36,79.47,79.01,76.77,"atr14:8.9%, rsi14:6.0%, ema9:5.6%"
958,HRL,SP500,Hormel Foods Corporation,Packaged Foods,Consumer Defensive,2026-08-24,24.09,22.28,-7.5,21.49,23.01,24.22,24.04,23.76,23.42,"rsi14:7.5%, atr14:6.3%, ema9:4.6%"
959,UNIT,SP600,Uniti Group Inc.,REIT - Specialty,Real Estate,2026-08-24,9.85,9.11,-7.51,8.46,9.78,9.95,9.69,9.66,9.6,"rsi14:8.1%, atr14:6.4%, macd:4.5%"
960,NPO,SP600,Enpro Inc.,Specialty Industrial Machinery,Industrials,2026-08-24,304.52,281.65,-7.51,268.53,294.84,308.01,301.7,300.12,297.27,"atr14:9.8%, rsi14:7.2%, ema9:5.3%"
961,REXR,SP400,"Rexford Industrial Realty, Inc.",REIT - Industrial,Real Estate,2026-08-24,37.67,34.83,-7.53,33.73,35.87,38.35,37.96,37.54,36.35,"rsi14:6.6%, atr14:6.6%, ema9:4.5%"
962,CNC,SP500,Centene Corporation,Healthcare Plans,Healthcare,2026-08-24,65.65,60.7,-7.54,57.57,63.84,66.38,66.41,65.84,63.21,"rsi14:7.6%, atr14:7.2%, ema9:5.0%"
963,SCHW,SP500,The Charles Schwab Corporation,Capital Markets,Financial Services,2026-08-24,113.65,105.08,-7.54,101.54,108.76,113.43,112.57,111.83,108.7,"atr14:8.1%, rsi14:6.8%, ema9:5.7%"
964,AVA,SP600,Avista Corporation,Utilities - Diversified,Utilities,2026-08-24,37.93,35.07,-7.54,33.94,36.15,38.15,37.87,37.5,37.09,"atr14:6.1%, ema9:5.6%, rsi14:5.6%"
965,PLXS,SP600,Plexus Corp.,Electronic Components,Technology,2026-08-24,237.61,219.66,-7.55,209.03,230.39,238.13,235.95,231.12,227.37,"atr14:9.8%, rsi14:6.8%, ema9:5.5%"
966,AMP,SP500,"Ameriprise Financial, Inc.",Asset Management,Financial Services,2026-08-24,561.13,518.7,-7.56,502.47,535.7,560.29,555.97,553.26,536.05,"atr14:7.8%, rsi14:6.9%, ema9:5.7%"
967,TXNM,SP400,"TXNM Energy, Inc.",Utilities - Regulated Electric,Utilities,2026-08-24,57.08,52.76,-7.57,51.4,54.24,57.63,57.13,56.88,55.64,"high:6.7%, atr14:6.1%, ema9:5.2%"
968,WOR,SP600,"Worthington Enterprises, Inc.",Metal Fabrication,Industrials,2026-08-24,56.79,52.49,-7.58,50.27,54.75,55.91,55.41,55.2,53.96,"atr14:9.4%, rsi14:6.4%, ema9:5.4%"
969,FCPT,SP600,"Four Corners Property Trust, Inc.",REIT - Retail,Real Estate,2026-08-24,25.5,23.56,-7.61,22.83,24.3,25.91,25.8,25.46,24.83,"high:6.0%, atr14:6.0%, ema9:5.4%"
970,DUK,SP500,Duke Energy Corporation,Utilities - Regulated Electric,Utilities,2026-08-24,121.97,112.69,-7.61,109.19,115.94,123.63,121.5,120.21,119.53,"atr14:7.1%, ema9:5.5%, rsi14:5.3%"
971,O,SP500,Realty Income Corporation,REIT - Retail,Real Estate,2026-08-24,63.17,58.36,-7.61,56.79,59.97,64.17,63.81,62.97,61.73,"atr14:6.1%, high:5.8%, ema9:5.5%"
972,CMS,SP500,CMS Energy Corporation,Utilities - Regulated Electric,Utilities,2026-08-24,68.42,63.21,-7.61,61.17,65.15,69.95,68.91,67.99,67.36,"atr14:6.6%, ema9:5.6%, rsi14:5.5%"
973,JAZZ,SP400,Jazz Pharmaceuticals plc,Biotechnology,Healthcare,2026-08-24,254.47,235.09,-7.62,223.27,247.21,250.78,250.4,248.66,243.02,"atr14:9.5%, rsi14:6.0%, ema9:5.4%"
974,HLIT,SP600,Harmonic Inc.,Communication Equipment,Technology,2026-08-24,12.01,11.09,-7.62,10.38,11.85,12.06,11.96,11.78,11.53,"atr14:9.2%, rsi14:7.9%, vol:4.6%"
975,ACLS,SP600,"Axcelis Technologies, Inc.",Semiconductor Equipment & Materials,Technology,2026-08-24,123.49,114.08,-7.62,105.96,122.16,126.62,124.29,120.55,116.14,"atr14:9.4%, rsi14:7.6%, ema9:4.1%"
976,PTCT,SP600,"PTC Therapeutics, Inc.",Biotechnology,Healthcare,2026-08-24,71.06,65.64,-7.63,60.96,70.34,73.36,72.2,69.59,67.32,"atr14:9.1%, rsi14:6.9%, ema9:5.6%"
977,BRK.B,<UNKNOWN>,Berkshire Hathaway Inc.,Insurance - Diversified,Financial Services,2026-08-24,504.32,465.83,-7.63,452.07,479.97,507.51,505.72,502.22,491.83,"atr14:6.8%, rsi14:6.1%, ema9:5.7%"
978,UPBD,SP600,"Upbound Group, Inc.",Software - Application,Technology,2026-08-24,19.17,17.71,-7.64,16.62,18.8,18.88,18.7,18.49,18.16,"rsi14:7.7%, atr14:7.5%, ema9:3.8%"
979,NNN,SP400,"NNN REIT, Inc.",REIT - Retail,Real Estate,2026-08-24,46.34,42.8,-7.64,41.62,44.0,46.95,46.73,46.05,45.12,"atr14:6.1%, high:5.7%, ema9:5.5%"
980,TTMI,SP400,"TTM Technologies, Inc.",Electronic Components,Technology,2026-08-24,107.12,98.92,-7.66,92.19,105.86,109.54,107.91,105.49,101.0,"atr14:9.6%, rsi14:7.5%, vol:4.3%"
981,MCHP,SP500,Microchip Technology Incorporated,Semiconductors,Technology,2026-08-24,74.21,68.51,-7.68,65.22,71.78,74.49,72.64,72.08,71.92,"atr14:9.6%, rsi14:7.5%, vol:4.7%"
982,KRG,SP400,Kite Realty Group Trust,REIT - Retail,Real Estate,2026-08-24,26.26,24.24,-7.69,23.35,25.14,26.32,26.27,25.83,25.25,"atr14:6.1%, ema9:5.6%, rsi14:5.5%"
983,GATX,SP400,GATX Corporation,Rental & Leasing Services,Industrials,2026-08-24,178.51,164.78,-7.69,158.04,171.52,177.89,174.86,173.89,170.41,"atr14:10.1%, rsi14:6.3%, ema9:5.4%"
984,BRX,SP400,Brixmor Property Group Inc.,REIT - Retail,Real Estate,2026-08-24,29.58,27.3,-7.7,26.42,28.18,29.63,29.54,29.17,28.47,"atr14:6.9%, rsi14:5.7%, ema9:5.6%"
985,APTV,SP500,Aptiv PLC,Auto Parts,Consumer Cyclical,2026-08-24,47.34,43.69,-7.7,41.53,45.89,46.59,45.97,45.49,44.42,"rsi14:7.8%, atr14:7.6%, vol:4.1%"
986,BC,SP400,Brunswick Corporation,Recreational Vehicles,Consumer Cyclical,2026-08-24,81.25,74.98,-7.71,70.99,79.07,81.16,80.31,80.34,77.93,"atr14:10.2%, rsi14:6.8%, ema9:5.3%"
987,GEF,SP400,"Greif, Inc.",Packaging & Containers,Consumer Cyclical,2026-08-24,85.99,79.35,-7.72,76.13,82.59,84.83,83.97,83.41,81.36,"atr14:9.7%, rsi14:6.3%, ema9:5.1%"
988,BFS,SP600,"Saul Centers, Inc.",REIT - Retail,Real Estate,2026-08-24,34.14,31.5,-7.73,30.31,32.65,34.59,34.65,33.7,32.84,"rsi14:6.6%, atr14:6.0%, ema9:5.7%"
989,FOUR,SP400,"Shift4 Payments, Inc.",Software - Infrastructure,Technology,2026-08-24,48.0,44.28,-7.74,41.22,47.43,48.19,46.82,45.46,44.94,"rsi14:8.2%, atr14:6.5%, close:5.3%"
990,PLD,SP500,"Prologis, Inc.",REIT - Industrial,Real Estate,2026-08-24,143.36,132.24,-7.76,127.89,136.53,143.89,142.95,141.85,138.09,"atr14:7.7%, rsi14:5.8%, ema9:5.7%"
991,LOPE,SP400,"Grand Canyon Education, Inc.",Education & Training Services,Consumer Defensive,2026-08-24,147.66,136.21,-7.76,129.09,143.46,146.95,145.33,144.16,142.41,"atr14:9.0%, rsi14:6.4%, ema9:5.1%"
992,EQIX,SP500,"Equinix, Inc.",REIT - Specialty,Real Estate,2026-08-24,1055.2,973.28,-7.76,934.82,1011.33,1057.01,1044.64,1040.41,1020.85,"atr14:8.4%, rsi14:5.5%, ema9:5.4%"
993,UDR,SP500,"UDR, Inc.",REIT - Residential,Real Estate,2026-08-24,38.39,35.41,-7.76,34.3,36.49,39.19,39.03,38.38,37.22,"atr14:6.1%, rsi14:6.1%, ema9:5.3%"
994,PNR,SP500,Pentair plc,Specialty Industrial Machinery,Industrials,2026-08-24,63.31,58.39,-7.78,56.16,60.59,64.59,63.25,62.52,60.72,"atr14:8.6%, rsi14:6.8%, ema9:4.3%"
995,UFPI,SP400,"UFP Industries, Inc.",Lumber & Wood Production,Basic Materials,2026-08-24,89.23,82.27,-7.8,78.45,86.11,90.32,88.8,87.54,85.06,"atr14:8.3%, rsi14:6.7%, ema9:5.0%"
996,WRBY,SP600,Warby Parker Inc.,Medical Instruments & Supplies,Healthcare,2026-08-24,26.21,24.16,-7.81,21.93,26.54,26.3,25.82,25.56,25.64,"atr14:8.1%, rsi14:7.9%, vol:4.5%"
997,ZBH,SP500,"Zimmer Biomet Holdings, Inc.",Medical Devices,Healthcare,2026-08-24,100.98,93.09,-7.82,89.42,96.61,100.01,99.37,98.53,96.58,"rsi14:7.8%, atr14:6.4%, vol:4.6%"
998,GME,SP400,GameStop Corp.,Specialty Retail,Consumer Cyclical,2026-08-24,18.04,16.63,-7.83,15.36,17.9,18.16,18.17,17.58,17.01,"rsi14:7.7%, atr14:6.0%, ema9:4.5%"
999,ALKS,SP600,Alkermes plc,Drug Manufacturers - Specialty & Generic,Healthcare,2026-08-24,48.87,45.04,-7.84,42.52,47.59,49.75,49.76,49.07,46.98,"rsi14:8.0%, atr14:6.4%, ema9:4.5%"
1000,ABM,SP600,ABM Industries Incorporated,Specialty Business Services,Industrials,2026-08-24,46.86,43.18,-7.85,41.48,44.89,47.04,46.58,46.16,44.96,"atr14:7.4%, rsi14:6.4%, ema9:5.3%"
1001,SR,SP400,Spire Inc.,Utilities - Regulated Gas,Utilities,2026-08-24,82.37,75.9,-7.85,73.34,78.3,82.6,81.92,81.23,80.0,"atr14:6.7%, rsi14:5.8%, ema9:5.5%"
1002,NEO,SP600,"NeoGenomics, Inc.",Diagnostics & Research,Healthcare,2026-08-24,16.41,15.12,-7.88,13.98,16.32,17.22,17.21,16.94,16.15,"rsi14:8.2%, atr14:6.1%, vol:4.6%"
1003,OLN,SP400,Olin Corporation,Chemicals,Basic Materials,2026-08-24,17.57,16.18,-7.88,15.26,17.12,16.87,16.71,16.55,16.35,"atr14:7.9%, rsi14:7.6%, vol:4.5%"
1004,MD,SP600,"Pediatrix Medical Group, Inc.",Medical Care Facilities,Healthcare,2026-08-24,26.6,24.5,-7.9,22.95,26.1,26.69,26.73,26.29,25.43,"rsi14:7.9%, atr14:6.6%, vol:4.0%"
1005,WRLD,SP600,World Acceptance Corporation,Credit Services,Financial Services,2026-08-24,190.31,175.27,-7.9,164.01,186.59,194.04,194.07,191.44,186.69,"atr14:8.7%, rsi14:7.5%, ema9:5.0%"
1006,HSIC,SP500,"Henry Schein, Inc.",Medical Distribution,Healthcare,2026-08-24,89.51,82.43,-7.91,79.73,85.06,89.46,88.82,88.42,86.54,"rsi14:7.2%, atr14:6.9%, ema9:5.9%"
1007,CCI,SP500,Crown Castle Inc.,REIT - Specialty,Real Estate,2026-08-24,76.4,70.33,-7.95,67.31,73.26,76.26,75.52,75.21,74.1,"rsi14:7.1%, atr14:6.6%, ema9:4.7%"
1008,ATO,SP500,Atmos Energy Corporation,Utilities - Regulated Gas,Utilities,2026-08-24,167.82,154.46,-7.96,149.43,159.09,170.78,168.68,166.61,164.65,"atr14:7.2%, ema9:5.4%, rsi14:5.3%"
1009,EIG,SP600,"Employers Holdings, Inc.",Insurance - Specialty,Financial Services,2026-08-24,49.19,45.27,-7.96,43.38,47.16,49.22,49.04,48.63,47.38,"atr14:7.1%, rsi14:6.4%, ema9:5.6%"
1010,RNR,SP400,RenaissanceRe Holdings Ltd.,Insurance - Reinsurance,Financial Services,2026-08-24,329.42,303.1,-7.99,292.08,313.77,330.23,326.8,323.13,316.59,"atr14:9.0%, rsi14:6.3%, ema9:5.6%"
1011,DINO,SP400,HF Sinclair Corporation,Oil & Gas Refining & Marketing,Energy,2026-08-24,95.18,87.57,-7.99,82.74,92.48,91.53,90.92,90.73,89.35,"atr14:9.7%, rsi14:6.7%, ema9:5.4%"
1012,IDCC,SP400,"InterDigital, Inc.",Software - Application,Technology,2026-08-24,341.09,313.83,-7.99,298.22,329.55,340.38,335.52,330.12,324.45,"atr14:9.0%, rsi14:7.2%, ema9:5.0%"
1013,NTRS,SP500,Northern Trust Corporation,Asset Management,Financial Services,2026-08-24,186.66,171.7,-8.01,166.39,177.16,183.38,182.59,182.02,177.61,"atr14:9.2%, rsi14:6.1%, ema9:5.4%"
1014,EXPE,SP500,"Expedia Group, Inc.",Travel Services,Consumer Cyclical,2026-08-24,339.13,311.9,-8.03,295.42,328.69,339.5,332.4,328.31,321.29,"atr14:9.5%, rsi14:7.3%, ema9:5.1%"
1015,AVT,SP400,"Avnet, Inc.",Electronics & Computer Distribution,Technology,2026-08-24,86.26,79.33,-8.03,75.77,82.94,86.43,85.33,84.03,82.71,"atr14:9.6%, rsi14:7.0%, ema9:5.5%"
1016,PRG,SP600,"PROG Holdings, Inc.",Rental & Leasing Services,Industrials,2026-08-24,39.07,35.93,-8.03,33.74,38.17,39.18,38.86,38.39,37.46,"atr14:7.6%, rsi14:7.3%, ema9:4.9%"
1017,BJRI,SP600,"BJ's Restaurants, Inc.",Restaurants,Consumer Cyclical,2026-08-24,67.28,61.87,-8.04,57.88,65.91,67.83,67.23,65.35,63.01,"atr14:8.8%, rsi14:7.2%, ema9:5.1%"
1018,MKSI,SP400,MKS Inc.,Scientific & Technical Instruments,Technology,2026-08-24,269.06,247.4,-8.05,232.66,262.01,276.8,274.01,267.0,260.49,"atr14:9.2%, rsi14:7.8%, vol:4.4%"
1019,CWT,SP600,California Water Service Group,Utilities - Regulated Water,Utilities,2026-08-24,50.85,46.75,-8.07,44.92,48.4,51.56,51.44,50.3,48.88,"atr14:6.2%, rsi14:6.1%, ema9:5.1%"
1020,WBD,SP500,"Warner Bros. Discovery, Inc.",Entertainment,Communication Services,2026-08-24,28.7,26.38,-8.07,25.06,27.77,28.75,28.64,28.46,27.96,"atr14:6.2%, high:5.5%, ema9:5.4%"
1021,AFL,SP500,Aflac Incorporated,Insurance - Life,Financial Services,2026-08-24,118.2,108.64,-8.09,105.21,112.19,118.38,117.33,116.85,113.31,"atr14:8.3%, rsi14:5.9%, ema9:5.5%"
1022,D,SP500,"Dominion Energy, Inc.",Utilities - Regulated Electric,Utilities,2026-08-24,66.61,61.22,-8.09,59.5,62.79,67.75,66.71,65.97,65.43,"rsi14:6.0%, atr14:6.0%, ema9:5.7%"
1023,TSN,SP500,"Tyson Foods, Inc.",Farm Products,Consumer Defensive,2026-08-24,57.87,53.19,-8.09,50.49,55.95,58.27,57.85,57.23,56.13,"atr14:6.7%, rsi14:6.5%, ema9:5.4%"
1024,AEE,SP500,Ameren Corporation,Utilities - Regulated Electric,Utilities,2026-08-24,107.16,98.48,-8.1,95.53,101.16,109.14,107.07,105.77,105.11,"atr14:7.0%, ema9:5.6%, rsi14:5.4%"
1025,LNT,SP500,Alliant Energy Corporation,Utilities - Regulated Electric,Utilities,2026-08-24,68.42,62.87,-8.11,60.93,64.63,69.59,68.62,67.88,67.41,"atr14:6.9%, ema9:5.7%, rsi14:5.6%"
1026,TRNO,SP600,Terreno Realty Corporation,REIT - Industrial,Real Estate,2026-08-24,68.91,63.32,-8.12,61.3,65.23,69.95,69.54,68.4,66.37,"atr14:7.3%, rsi14:6.4%, ema9:5.8%"
1027,UNF,SP600,UniFirst Corporation,Specialty Business Services,Industrials,2026-08-24,291.75,268.07,-8.12,258.77,277.45,292.52,290.06,288.48,280.03,"atr14:7.1%, rsi14:5.7%, ema9:5.5%"
1028,JJSF,SP600,J&J Snack Foods Corp.,Packaged Foods,Consumer Defensive,2026-08-24,89.86,82.56,-8.13,78.75,86.25,90.19,89.67,88.67,87.53,"rsi14:6.8%, atr14:6.1%, vol:5.4%"
1029,KEX,SP400,Kirby Corporation,Marine Shipping,Industrials,2026-08-24,138.72,127.43,-8.14,121.84,133.09,133.38,132.4,131.1,129.83,"atr14:9.8%, rsi14:6.4%, ema9:5.6%"
1030,BF.B,<UNKNOWN>,Brown-Forman Corporation,Beverages - Wineries & Distilleries,Consumer Defensive,2026-08-24,28.75,26.41,-8.16,25.41,27.34,28.58,28.32,28.03,27.79,"rsi14:7.8%, atr14:6.3%, vol:4.3%"
1031,HSTM,SP600,"HealthStream, Inc.",Health Information Services,Healthcare,2026-08-24,28.78,26.43,-8.16,24.87,28.03,28.8,28.65,28.31,27.48,"atr14:7.5%, rsi14:7.0%, ema9:5.4%"
1032,OTTR,SP600,Otter Tail Corporation,Conglomerates,Industrials,2026-08-24,92.05,84.53,-8.17,81.6,87.31,92.44,91.77,90.45,88.71,"atr14:7.9%, rsi14:5.7%, ema9:5.5%"
1033,VRTX,SP500,Vertex Pharmaceuticals Incorporated,Biotechnology,Healthcare,2026-08-24,547.59,502.8,-8.18,479.33,526.04,550.73,547.84,537.17,523.49,"atr14:9.2%, rsi14:5.9%, ema9:5.5%"
1034,XEL,SP500,Xcel Energy Inc.,Utilities - Regulated Electric,Utilities,2026-08-24,77.33,71.0,-8.19,68.83,72.94,78.63,77.19,76.33,75.86,"atr14:6.8%, rsi14:5.8%, ema9:5.6%"
1035,BWXT,SP400,"BWX Technologies, Inc.",Aerospace & Defense,Industrials,2026-08-24,149.52,137.26,-8.2,130.71,143.87,150.25,147.87,146.17,143.11,"atr14:9.3%, rsi14:6.7%, ema9:5.4%"
1036,PRK,SP600,Park National Corporation,Banks - Regional,Financial Services,2026-08-24,203.46,186.78,-8.2,180.77,192.83,200.3,198.65,196.65,192.07,"atr14:8.2%, rsi14:6.2%, ema9:5.4%"
1037,POR,SP400,Portland General Electric Company,Utilities - Regulated Electric,Utilities,2026-08-24,49.7,45.62,-8.21,44.23,46.91,50.63,50.0,49.49,48.8,"atr14:6.1%, ema9:5.7%, rsi14:5.4%"
1038,SCHL,SP600,Scholastic Corporation,Publishing,Communication Services,2026-08-24,40.3,36.99,-8.22,35.2,38.75,40.0,39.75,39.37,38.6,"atr14:8.0%, rsi14:7.0%, ema9:5.8%"
1039,DLR,SP500,"Digital Realty Trust, Inc.",REIT - Specialty,Real Estate,2026-08-24,188.55,173.05,-8.22,166.98,178.92,189.9,189.66,188.61,184.56,"atr14:8.2%, rsi14:5.7%, ema9:5.5%"
1040,WTRG,SP400,"Essential Utilities, Inc.",Utilities - Regulated Water,Utilities,2026-08-24,41.34,37.93,-8.26,36.64,39.08,41.85,41.59,41.0,40.15,"atr14:6.2%, rsi14:5.9%, ema9:5.4%"
1041,RL,SP500,Ralph Lauren Corporation,Apparel Manufacturing,Consumer Cyclical,2026-08-24,370.82,340.16,-8.27,323.4,356.93,375.75,373.11,366.01,355.19,"atr14:9.8%, rsi14:6.8%, ema9:5.6%"
1042,EGP,SP400,"EastGroup Properties, Inc.",REIT - Industrial,Real Estate,2026-08-24,202.36,185.63,-8.27,179.97,191.11,206.0,205.88,202.49,196.98,"atr14:7.5%, rsi14:5.9%, ema9:5.6%"
1043,ECHO,SP500,EchoStar Corporation,Telecom Services,Communication Services,2026-08-24,85.32,78.27,-8.27,74.22,82.39,82.64,82.16,81.31,80.65,"atr14:8.8%, rsi14:7.2%, vol:4.4%"
1044,CASH,SP600,"Pathward Financial, Inc.",Banks - Regional,Financial Services,2026-08-24,82.99,76.13,-8.27,72.25,80.04,82.9,82.54,81.66,79.32,"atr14:9.2%, rsi14:5.9%, ema9:5.3%"
1045,GTY,SP600,Getty Realty Corp.,REIT - Retail,Real Estate,2026-08-24,33.39,30.63,-8.28,29.61,31.61,33.68,33.7,33.02,32.27,"atr14:6.4%, rsi14:5.7%, ema9:5.7%"
1046,GLPI,SP400,"Gaming and Leisure Properties, Inc.",REIT - Specialty,Real Estate,2026-08-24,43.93,40.29,-8.28,38.98,41.64,44.04,43.73,43.48,42.91,"atr14:6.4%, high:6.0%, ema9:5.5%"
1047,PK,SP400,Park Hotels & Resorts Inc.,REIT - Hotel & Motel,Real Estate,2026-08-24,15.86,14.55,-8.28,13.79,15.31,15.75,15.55,15.47,15.09,"rsi14:8.2%, atr14:6.2%, macd:4.5%"
1048,BKE,SP600,"The Buckle, Inc.",Apparel Retail,Consumer Cyclical,2026-08-24,44.41,40.73,-8.29,38.62,42.88,44.77,44.46,44.32,42.54,"atr14:9.6%, rsi14:6.2%, ema9:5.1%"
1049,ICHR,SP600,"Ichor Holdings, Ltd.",Semiconductor Equipment & Materials,Technology,2026-08-24,56.91,52.19,-8.29,48.34,56.13,57.53,56.42,53.29,52.02,"atr14:8.8%, rsi14:7.8%, vol:4.4%"
1050,DEA,SP600,"Easterly Government Properties, Inc.",REIT - Office,Real Estate,2026-08-24,24.96,22.89,-8.3,22.12,23.6,25.33,25.25,24.84,24.07,"rsi14:7.3%, atr14:5.9%, ema9:4.3%"
1051,AAT,SP600,"American Assets Trust, Inc.",REIT - Diversified,Real Estate,2026-08-24,23.0,21.09,-8.31,20.43,21.71,23.32,23.29,22.68,22.14,"rsi14:7.4%, atr14:5.9%, ema9:5.1%"
1052,NLY,SP400,"Annaly Capital Management, Inc.",REIT - Mortgage,Real Estate,2026-08-24,23.25,21.31,-8.33,20.63,22.01,23.6,23.49,23.33,22.82,"atr14:5.9%, ema9:5.6%, rsi14:5.4%"
1053,FBK,SP600,FB Financial Corporation,Banks - Regional,Financial Services,2026-08-24,58.27,53.42,-8.33,51.63,55.29,57.74,57.47,56.94,55.3,"atr14:7.3%, rsi14:6.5%, ema9:5.6%"
1054,AMPH,SP600,"Amphastar Pharmaceuticals, Inc.",Drug Manufacturers - Specialty & Generic,Healthcare,2026-08-24,21.52,19.73,-8.33,18.46,21.02,21.39,21.18,20.91,20.6,"rsi14:7.4%, atr14:6.3%, vol:4.2%"
1055,CRUS,SP400,"Cirrus Logic, Inc.",Semiconductors,Technology,2026-08-24,111.64,102.34,-8.33,96.34,108.37,109.76,108.61,106.5,105.22,"atr14:10.3%, rsi14:6.2%, ema9:5.4%"
1056,AKR,SP600,Acadia Realty Trust,REIT - Retail,Real Estate,2026-08-24,21.34,19.56,-8.33,18.93,20.18,21.58,21.55,21.25,20.55,"rsi14:6.3%, atr14:5.8%, ema9:5.6%"
1057,IVZ,SP500,Invesco Ltd.,Asset Management,Financial Services,2026-08-24,32.45,29.74,-8.34,28.62,30.92,31.66,31.46,31.41,30.73,"rsi14:7.4%, atr14:7.1%, ema9:5.6%"
1058,NWBI,SP600,"Northwest Bancshares, Inc.",Banks - Regional,Financial Services,2026-08-24,15.37,14.09,-8.35,13.71,14.5,15.27,15.23,15.02,14.64,"atr14:6.9%, rsi14:6.4%, ema9:5.7%"
1059,HUM,SP500,Humana Inc.,Healthcare Plans,Healthcare,2026-08-24,386.61,354.32,-8.35,335.41,373.05,399.94,398.55,389.98,373.36,"rsi14:8.1%, atr14:7.6%, macd:4.4%"
1060,BANF,SP600,BancFirst Corporation,Banks - Regional,Financial Services,2026-08-24,112.53,103.11,-8.37,99.34,106.87,110.51,109.8,107.94,106.19,"atr14:8.8%, rsi14:6.2%, ema9:5.4%"
1061,JBTM,SP600,JBT Marel Corporation,Specialty Industrial Machinery,Industrials,2026-08-24,115.08,105.44,-8.37,99.74,111.12,115.26,113.03,111.5,108.94,"atr14:8.8%, rsi14:7.1%, ema9:5.4%"
1062,PTGX,SP600,"Protagonist Therapeutics, Inc.",Biotechnology,Healthcare,2026-08-24,154.72,141.76,-8.38,131.47,151.99,154.82,156.12,150.42,147.06,"atr14:10.4%, rsi14:6.5%, ema9:5.2%"
1063,APO,SP500,"Apollo Global Management, Inc.",Asset Management,Financial Services,2026-08-24,132.79,121.67,-8.38,115.69,127.79,132.45,130.98,130.06,125.9,"atr14:7.6%, rsi14:7.1%, ema9:5.4%"
1064,HCSG,SP600,"Healthcare Services Group, Inc.",Medical Care Facilities,Healthcare,2026-08-24,22.8,20.89,-8.38,19.89,21.87,22.65,22.44,22.12,21.85,"rsi14:7.8%, atr14:7.0%, ema9:4.0%"
1065,PFE,SP500,Pfizer Inc.,Drug Manufacturers - General,Healthcare,2026-08-24,27.97,25.63,-8.38,24.78,26.39,28.18,28.07,27.66,27.04,"rsi14:7.1%, atr14:6.3%, ema9:4.8%"
1066,TR,SP600,"Tootsie Roll Industries, Inc.",Confectioners,Consumer Defensive,2026-08-24,41.44,37.96,-8.39,36.57,39.28,41.34,41.14,40.51,39.93,"atr14:7.0%, rsi14:6.6%, ema9:5.8%"
1067,SNX,SP400,TD SYNNEX Corporation,Electronics & Computer Distribution,Technology,2026-08-24,243.65,223.18,-8.4,212.1,234.19,247.52,244.6,239.74,234.93,"atr14:9.9%, rsi14:6.8%, ema9:5.5%"
1068,TNC,SP600,Tennant Company,Specialty Industrial Machinery,Industrials,2026-08-24,68.22,62.48,-8.41,59.47,65.48,67.15,66.87,66.14,64.97,"atr14:8.2%, rsi14:6.8%, ema9:5.1%"
1069,OHI,SP400,"Omega Healthcare Investors, Inc.",REIT - Healthcare Facilities,Real Estate,2026-08-24,46.59,42.67,-8.41,41.16,44.13,46.74,46.5,45.9,45.0,"atr14:7.2%, rsi14:6.3%, ema9:5.7%"
1070,NRG,SP500,"NRG Energy, Inc.",Utilities - Independent Power Producers,Utilities,2026-08-24,111.78,102.36,-8.43,96.34,108.41,114.3,113.42,111.27,107.43,"atr14:9.1%, rsi14:7.3%, ema9:4.6%"
1071,SEIC,SP400,SEI Investments Company,Asset Management,Financial Services,2026-08-24,110.75,101.42,-8.43,98.34,104.61,110.57,110.35,109.46,105.61,"atr14:8.1%, rsi14:6.3%, ema9:5.5%"
1072,SBAC,SP500,SBA Communications Corporation,REIT - Specialty,Real Estate,2026-08-24,185.07,169.43,-8.45,162.23,176.48,186.14,183.63,182.7,178.23,"atr14:7.0%, rsi14:7.0%, ema9:4.9%"
1073,SPG,SP500,"Simon Property Group, Inc.",REIT - Retail,Real Estate,2026-08-24,220.73,202.04,-8.47,195.8,208.21,222.27,220.61,215.9,211.22,"atr14:7.6%, rsi14:5.6%, ema9:5.5%"
1074,WGO,SP600,"Winnebago Industries, Inc.",Recreational Vehicles,Consumer Cyclical,2026-08-24,32.14,29.42,-8.47,27.65,31.26,31.65,31.51,31.17,30.48,"rsi14:7.6%, atr14:6.8%, vol:4.3%"
1075,STAG,SP400,"STAG Industrial, Inc.",REIT - Industrial,Real Estate,2026-08-24,37.05,33.91,-8.47,32.85,34.92,37.61,37.66,36.86,35.42,"atr14:6.8%, rsi14:5.9%, ema9:5.7%"
1076,HAYW,SP600,"Hayward Holdings, Inc.",Electrical Equipment & Parts,Industrials,2026-08-24,14.5,13.27,-8.5,12.61,13.92,14.64,14.6,14.21,13.8,"rsi14:7.4%, atr14:5.9%, ema9:4.2%"
1077,ACGL,SP500,Arch Capital Group Ltd.,Insurance - Diversified,Financial Services,2026-08-24,101.14,92.54,-8.5,89.47,95.5,101.38,100.26,99.08,96.68,"atr14:8.8%, rsi14:5.9%, ema9:5.4%"
1078,VICI,SP500,VICI Properties Inc.,REIT - Diversified,Real Estate,2026-08-24,26.78,24.5,-8.53,23.69,25.29,26.98,26.73,26.53,25.82,"atr14:6.5%, rsi14:6.0%, ema9:5.5%"
1079,VSTS,SP600,Vestis Corporation,Rental & Leasing Services,Industrials,2026-08-24,12.75,11.66,-8.53,10.99,12.34,12.82,12.63,12.47,12.27,"rsi14:7.7%, atr14:7.6%, ema9:4.4%"
1080,NOG,SP600,"Northern Oil and Gas, Inc.",Oil & Gas E&P,Energy,2026-08-24,26.84,24.55,-8.54,22.83,26.28,25.63,24.57,23.87,23.7,"rsi14:7.6%, close:7.0%, atr14:5.9%"
1081,INSW,SP600,"International Seaways, Inc.",Oil & Gas Midstream,Energy,2026-08-24,99.95,91.42,-8.54,86.04,96.74,95.19,93.63,93.26,92.04,"atr14:9.4%, rsi14:8.0%, vol:4.3%"
1082,BMY,SP500,Bristol-Myers Squibb Company,Drug Manufacturers - General,Healthcare,2026-08-24,67.28,61.53,-8.54,59.34,63.43,67.02,66.42,65.61,64.35,"atr14:8.5%, rsi14:6.9%, ema9:5.6%"
1083,ALG,SP600,Alamo Group Inc.,Farm & Heavy Construction Machinery,Industrials,2026-08-24,165.24,151.12,-8.54,143.89,158.29,166.35,163.49,161.4,157.08,"atr14:8.9%, rsi14:6.5%, ema9:5.1%"
1084,ES,SP500,Eversource Energy,Utilities - Regulated Electric,Utilities,2026-08-24,71.25,65.14,-8.57,63.14,66.87,73.05,72.29,70.97,69.85,"atr14:6.1%, rsi14:5.7%, ema9:5.5%"
1085,PNW,SP500,Pinnacle West Capital Corporation,Utilities - Regulated Electric,Utilities,2026-08-24,97.71,89.33,-8.58,86.61,91.78,99.79,98.03,96.69,95.89,"atr14:6.6%, ema9:5.6%, rsi14:5.6%"
1086,DCOM,SP600,"Dime Commercial Bancshares, Inc.",Banks - Regional,Financial Services,2026-08-24,40.41,36.94,-8.58,35.59,38.32,39.74,39.49,39.2,38.17,"atr14:8.3%, rsi14:5.8%, ema9:5.5%"
1087,SKT,SP600,Tanger Inc.,REIT - Retail,Real Estate,2026-08-24,38.95,35.61,-8.58,34.21,36.97,39.18,39.14,38.22,37.34,"atr14:7.6%, rsi14:6.2%, ema9:5.7%"
1088,UPWK,SP600,Upwork Inc.,Internet Content & Information,Communication Services,2026-08-24,8.57,7.83,-8.59,7.32,8.38,8.5,8.2,7.8,7.95,"rsi14:7.6%, atr14:6.1%, close:5.7%"
1089,UTHR,SP400,United Therapeutics Corporation,Drug Manufacturers - Specialty & Generic,Healthcare,2026-08-24,512.88,468.76,-8.6,447.13,489.95,515.78,513.06,508.01,491.42,"atr14:8.1%, rsi14:5.3%, ema9:5.3%"
1090,USPH,SP600,"U.S. Physical Therapy, Inc.",Medical Care Facilities,Healthcare,2026-08-24,77.38,70.72,-8.6,66.84,74.63,76.92,76.87,75.57,74.03,"rsi14:7.8%, atr14:7.0%, vol:4.5%"
1091,CAVA,SP400,"CAVA Group, Inc.",Restaurants,Consumer Cyclical,2026-08-24,71.93,65.74,-8.61,60.68,70.95,70.33,66.78,64.32,65.39,"atr14:8.0%, rsi14:7.7%, vol:4.3%"
1092,WFC,SP500,Wells Fargo & Company,Banks - Diversified,Financial Services,2026-08-24,84.72,77.43,-8.61,74.85,80.08,84.07,83.9,82.84,80.25,"atr14:8.1%, rsi14:6.4%, ema9:5.6%"
1093,MHO,SP600,"M/I Homes, Inc.",Residential Construction,Consumer Cyclical,2026-08-24,152.04,138.95,-8.61,131.46,146.63,153.33,154.23,150.82,144.56,"atr14:8.0%, rsi14:6.2%, ema9:5.4%"
1094,NHI,SP600,"National Health Investors, Inc.",REIT - Healthcare Facilities,Real Estate,2026-08-24,73.07,66.77,-8.62,64.55,68.87,74.2,73.72,72.74,70.96,"atr14:7.3%, rsi14:6.4%, ema9:5.7%"
1095,SAFT,SP600,"Safety Insurance Group, Inc.",Insurance - Property & Casualty,Financial Services,2026-08-24,103.75,94.8,-8.62,91.73,97.91,103.99,103.34,102.47,100.03,"atr14:7.1%, rsi14:6.2%, ema9:5.0%"
1096,ONB,SP400,Old National Bancorp,Banks - Regional,Financial Services,2026-08-24,25.77,23.55,-8.63,22.9,24.28,25.36,25.33,25.11,24.45,"atr14:7.0%, rsi14:6.7%, ema9:5.8%"
1097,IPGP,SP400,IPG Photonics Corporation,Semiconductor Equipment & Materials,Technology,2026-08-24,70.74,64.63,-8.63,60.39,68.88,70.12,69.34,67.67,65.75,"atr14:8.1%, rsi14:7.7%, close:5.1%"
1098,WH,SP400,"Wyndham Hotels & Resorts, Inc.",Lodging,Consumer Cyclical,2026-08-24,74.35,67.91,-8.66,64.62,71.17,74.06,72.25,72.4,71.32,"atr14:8.3%, rsi14:7.8%, vol:4.8%"
1099,PBI,SP600,Pitney Bowes Inc.,Integrated Freight & Logistics,Industrials,2026-08-24,16.53,15.1,-8.68,14.19,16.03,16.28,16.26,16.07,15.85,"rsi14:7.6%, atr14:7.4%, ema9:5.3%"
1100,MTCH,SP600,"Match Group, Inc.",Internet Content & Information,Communication Services,2026-08-24,41.73,38.11,-8.68,36.07,40.18,41.94,41.21,39.74,38.83,"rsi14:8.0%, atr14:5.7%, vol:4.2%"
1101,AWR,SP600,American States Water Company,Utilities - Regulated Water,Utilities,2026-08-24,91.1,83.18,-8.7,80.12,85.98,92.15,91.83,90.25,87.58,"atr14:6.2%, high:5.7%, ema9:5.3%"
1102,UMBF,SP400,UMB Financial Corporation,Banks - Regional,Financial Services,2026-08-24,143.96,131.44,-8.7,127.59,135.52,142.32,142.04,139.79,135.62,"atr14:8.8%, rsi14:6.0%, ema9:5.4%"
1103,AGCO,SP400,AGCO Corporation,Farm & Heavy Construction Machinery,Industrials,2026-08-24,110.13,100.54,-8.71,95.74,105.37,107.74,106.47,105.35,102.6,"atr14:9.8%, rsi14:6.3%, ema9:5.4%"
1104,CXW,SP600,"CoreCivic, Inc.",Security & Protection Services,Industrials,2026-08-24,33.84,30.89,-8.71,29.39,32.36,33.56,33.27,32.88,32.39,"atr14:8.8%, rsi14:7.0%, ema9:5.4%"
1105,ATI,SP400,ATI Inc.,Metal Fabrication,Industrials,2026-08-24,209.81,191.5,-8.72,180.19,203.37,204.19,200.8,198.63,194.54,"atr14:9.4%, rsi14:7.5%, ema9:5.0%"
1106,PDFS,SP600,"PDF Solutions, Inc.",Software - Application,Technology,2026-08-24,44.06,40.21,-8.73,37.45,43.05,44.33,43.25,42.82,42.72,"atr14:9.3%, rsi14:7.5%, vol:4.4%"
1107,VMC,SP500,Vulcan Materials Company,Building Materials,Basic Materials,2026-08-24,275.94,251.85,-8.73,240.67,263.06,276.28,271.97,269.15,262.58,"atr14:10.4%, rsi14:6.0%, ema9:5.3%"
1108,INCY,SP500,Incyte Corporation,Biotechnology,Healthcare,2026-08-24,127.98,116.78,-8.75,110.1,123.61,128.15,128.84,126.17,121.69,"rsi14:7.0%, atr14:6.9%, ema9:5.5%"
1109,PFBC,SP600,Preferred Bank,Banks - Regional,Financial Services,2026-08-24,104.06,94.95,-8.76,90.44,99.42,103.34,102.9,101.89,98.33,"rsi14:7.6%, atr14:7.5%, ema9:5.1%"
1110,ACIW,SP600,"ACI Worldwide, Inc.",Software - Infrastructure,Technology,2026-08-24,52.41,47.81,-8.77,45.5,50.11,52.3,50.89,50.11,49.14,"atr14:8.7%, rsi14:6.8%, ema9:5.5%"
1111,FE,SP500,FirstEnergy Corp.,Utilities - Regulated Electric,Utilities,2026-08-24,46.57,42.48,-8.79,41.11,43.64,47.39,46.87,46.22,45.16,"atr14:6.5%, high:5.8%, ema9:5.4%"
1112,ADI,SP500,"Analog Devices, Inc.",Semiconductors,Technology,2026-08-24,371.17,338.53,-8.79,324.46,352.46,364.81,360.89,352.32,350.12,"atr14:9.7%, rsi14:6.7%, ema9:5.6%"
1113,VTR,SP500,"Ventas, Inc.",REIT - Healthcare Facilities,Real Estate,2026-08-24,93.47,85.25,-8.79,82.2,88.15,94.39,93.82,92.22,90.17,"atr14:7.9%, rsi14:6.0%, ema9:5.5%"
1114,RGA,SP400,"Reinsurance Group of America, Incorporated",Insurance - Reinsurance,Financial Services,2026-08-24,245.57,223.92,-8.82,216.94,231.3,245.02,241.27,239.63,233.14,"atr14:8.1%, rsi14:6.8%, ema9:5.7%"
1115,DOC,SP500,"Healthpeak Properties, Inc.",REIT - Healthcare Facilities,Real Estate,2026-08-24,21.63,19.72,-8.83,19.08,20.33,21.8,21.79,21.37,20.73,"rsi14:7.3%, atr14:5.7%, ema9:5.2%"
1116,LZB,SP600,La-Z-Boy Incorporated,"Furnishings, Fixtures & Appliances",Consumer Cyclical,2026-08-24,32.12,29.28,-8.86,27.75,30.83,32.09,31.93,31.5,30.37,"atr14:9.0%, rsi14:6.4%, ema9:5.4%"
1117,NKE,SP500,"NIKE, Inc.",Footwear & Accessories,Consumer Cyclical,2026-08-24,40.75,37.13,-8.88,35.66,38.53,40.29,40.02,39.67,38.85,"rsi14:7.3%, atr14:6.3%, vol:4.7%"
1118,PGNY,SP600,"Progyny, Inc.",Healthcare Plans,Healthcare,2026-08-24,25.45,23.19,-8.9,21.72,24.7,26.36,26.52,26.18,25.58,"rsi14:7.8%, atr14:5.4%, vol:3.9%"
1119,BLK,SP500,"BlackRock, Inc.",Asset Management,Financial Services,2026-08-24,1172.61,1068.05,-8.92,1033.25,1103.89,1172.83,1164.02,1155.76,1114.83,"atr14:8.7%, rsi14:6.1%, ema9:5.5%"
1120,HRMY,SP600,"Harmony Biosciences Holdings, Inc.",Biotechnology,Healthcare,2026-08-24,38.5,35.07,-8.92,32.92,37.28,39.31,39.39,39.04,37.72,"rsi14:6.9%, atr14:5.4%, ema9:4.2%"
1121,EXC,SP500,Exelon Corporation,Utilities - Regulated Electric,Utilities,2026-08-24,44.34,40.38,-8.93,38.83,41.75,45.53,45.58,43.97,42.9,"rsi14:7.1%, atr14:5.8%, vol:4.6%"
1122,VCEL,SP600,Vericel Corporation,Biotechnology,Healthcare,2026-08-24,42.3,38.52,-8.93,34.5,42.36,42.39,41.8,40.96,40.14,"rsi14:8.0%, atr14:5.8%, close:4.2%"
1123,PPL,SP500,PPL Corporation,Utilities - Regulated Electric,Utilities,2026-08-24,35.04,31.91,-8.94,30.89,32.77,35.9,35.5,34.85,34.21,"atr14:6.8%, rsi14:5.7%, ema9:5.6%"
1124,CF,SP500,"CF Industries Holdings, Inc.",Agricultural Inputs,Basic Materials,2026-08-24,129.24,117.69,-8.94,111.29,124.25,125.78,124.16,123.36,120.02,"atr14:8.3%, rsi14:7.1%, ema9:5.6%"
1125,CLSK,SP600,"CleanSpark, Inc.",Capital Markets,Financial Services,2026-08-24,11.93,10.86,-8.94,9.62,12.18,12.77,12.04,12.15,11.72,"rsi14:8.0%, atr14:7.0%, vol:5.0%"
1126,ABNB,SP500,"Airbnb, Inc.",Travel Services,Consumer Cyclical,2026-08-24,190.21,173.21,-8.94,164.19,182.4,189.18,185.69,181.81,177.64,"rsi14:8.1%, atr14:6.0%, vol:4.1%"
1127,CPRI,SP400,Capri Holdings Limited,Luxury Goods,Consumer Cyclical,2026-08-24,13.68,12.46,-8.94,11.46,13.52,13.76,13.75,13.55,13.44,"rsi14:7.6%, close:6.5%, atr14:6.4%"
1128,HWKN,SP600,"Hawkins, Inc.",Specialty Chemicals,Basic Materials,2026-08-24,117.75,107.22,-8.95,101.55,112.83,118.34,115.36,114.61,112.48,"atr14:10.0%, rsi14:7.3%, ema9:4.8%"
1129,TRST,SP600,TrustCo Bank Corp NY,Banks - Regional,Financial Services,2026-08-24,57.2,52.08,-8.95,50.56,53.73,56.75,56.7,55.9,54.08,"atr14:6.8%, rsi14:6.3%, ema9:5.7%"
1130,MGEE,SP600,"MGE Energy, Inc.",Utilities - Regulated Electric,Utilities,2026-08-24,79.32,72.22,-8.95,69.95,74.2,80.75,80.35,79.0,76.3,"atr14:6.2%, rsi14:5.9%, ema9:5.3%"
1131,UTL,SP600,Unitil Corporation,Utilities - Diversified,Utilities,2026-08-24,53.59,48.79,-8.95,47.11,50.23,54.62,54.37,53.25,51.85,"atr14:6.6%, rsi14:5.7%, ema9:5.5%"
1132,FHB,SP600,"First Hawaiian, Inc.",Banks - Regional,Financial Services,2026-08-24,26.04,23.71,-8.96,22.85,24.56,25.97,25.88,25.66,24.8,"atr14:7.5%, rsi14:6.7%, ema9:5.8%"
1133,PMT,SP600,PennyMac Mortgage Investment Trust,REIT - Mortgage,Real Estate,2026-08-24,9.29,8.46,-8.97,8.03,8.85,9.34,9.32,9.25,9.11,"rsi14:7.8%, atr14:6.7%, ema9:5.0%"
1134,SF,SP400,Stifel Financial Corp.,Capital Markets,Financial Services,2026-08-24,80.8,73.55,-8.98,71.02,76.21,80.07,79.53,79.04,76.35,"atr14:7.9%, rsi14:6.3%, ema9:5.5%"
1135,DY,SP400,"Dycom Industries, Inc.",Engineering & Construction,Industrials,2026-08-24,380.95,346.75,-8.98,321.7,372.73,391.98,389.99,385.17,370.61,"atr14:10.0%, rsi14:7.1%, ema9:5.2%"
1136,HXL,SP400,Hexcel Corporation,Aerospace & Defense,Industrials,2026-08-24,92.57,84.26,-8.98,80.6,87.97,90.11,87.99,87.37,85.99,"atr14:8.8%, rsi14:6.7%, ema9:5.7%"
1137,CCK,SP400,"Crown Holdings, Inc.",Packaging & Containers,Consumer Cyclical,2026-08-24,119.76,108.99,-8.99,105.17,112.81,119.8,118.44,117.34,113.47,"atr14:8.0%, rsi14:6.2%, ema9:5.4%"
1138,REG,SP500,Regency Centers Corporation,REIT - Retail,Real Estate,2026-08-24,76.69,69.79,-9.0,67.7,71.87,77.96,77.78,76.24,73.27,"high:6.4%, atr14:6.0%, rsi14:5.5%"
1139,NBHC,SP600,National Bank Holdings Corporation,Banks - Regional,Financial Services,2026-08-24,41.8,38.03,-9.01,36.75,39.34,41.09,40.73,40.47,39.49,"atr14:7.8%, rsi14:6.3%, ema9:5.8%"
1140,EWBC,SP400,"East West Bancorp, Inc.",Banks - Regional,Financial Services,2026-08-24,128.91,117.29,-9.02,113.57,121.35,127.42,127.08,126.3,121.67,"atr14:7.8%, rsi14:6.2%, ema9:5.7%"
1141,SM,SP600,SM Energy Company,Oil & Gas E&P,Energy,2026-08-24,36.46,33.17,-9.02,31.01,35.38,34.08,32.6,32.18,32.48,"rsi14:7.6%, atr14:7.3%, vol:4.2%"
1142,UGI,SP400,UGI Corporation,Utilities - Regulated Gas,Utilities,2026-08-24,38.19,34.74,-9.02,33.63,35.73,38.53,38.22,37.64,36.97,"atr14:7.1%, rsi14:6.6%, ema9:5.6%"
1143,STRA,SP600,"Strategic Education, Inc.",Education & Training Services,Consumer Defensive,2026-08-24,84.0,76.42,-9.02,72.65,80.47,83.87,83.34,82.37,80.8,"rsi14:7.1%, atr14:6.2%, ema9:4.6%"
1144,SYF,SP500,Synchrony Financial,Credit Services,Financial Services,2026-08-24,80.02,72.79,-9.04,69.9,75.72,79.64,79.12,78.52,76.35,"atr14:8.2%, rsi14:6.2%, ema9:5.5%"
1145,EXEL,SP400,"Exelixis, Inc.",Biotechnology,Healthcare,2026-08-24,54.55,49.62,-9.04,46.69,52.61,53.61,53.58,53.02,51.91,"atr14:9.7%, rsi14:6.1%, ema9:5.5%"
1146,ROCK,SP600,"Gibraltar Industries, Inc.",Building Products & Equipment,Industrials,2026-08-24,46.27,42.08,-9.05,39.17,45.16,46.22,45.63,44.73,43.28,"rsi14:7.5%, atr14:7.4%, vol:4.3%"
1147,OGS,SP400,"ONE Gas, Inc.",Utilities - Regulated Gas,Utilities,2026-08-24,80.35,73.08,-9.05,70.79,75.04,81.37,80.57,79.88,77.46,"atr14:6.3%, rsi14:5.7%, ema9:5.4%"
1148,UVV,SP600,Universal Corporation,Tobacco,Consumer Defensive,2026-08-24,45.62,41.49,-9.06,39.79,43.13,45.52,45.1,44.56,43.57,"atr14:8.3%, rsi14:5.8%, ema9:5.5%"
1149,XHR,SP600,"Xenia Hotels & Resorts, Inc.",REIT - Hotel & Motel,Real Estate,2026-08-24,19.66,17.88,-9.06,17.17,18.6,19.51,19.34,19.0,18.56,"rsi14:7.0%, atr14:6.1%, ema9:5.7%"
1150,VZ,SP500,Verizon Communications Inc.,Telecom Services,Communication Services,2026-08-24,50.15,45.6,-9.07,44.14,46.89,50.15,49.64,49.24,48.38,"atr14:7.2%, rsi14:6.5%, ema9:5.7%"
1151,FTI,SP400,TechnipFMC plc,Oil & Gas Equipment & Services,Energy,2026-08-24,75.85,68.97,-9.07,65.64,72.41,73.54,72.29,71.84,70.77,"atr14:7.9%, rsi14:6.9%, ema9:6.0%"
1152,TBBK,SP600,"The Bancorp, Inc.",Banks - Regional,Financial Services,2026-08-24,66.8,60.73,-9.08,57.55,64.03,66.31,65.85,65.32,62.61,"atr14:8.1%, rsi14:7.1%, ema9:5.5%"
1153,MCRI,SP600,"Monarch Casino & Resort, Inc.",Resorts & Casinos,Consumer Cyclical,2026-08-24,124.28,112.97,-9.1,106.71,119.42,125.55,124.83,122.47,118.15,"atr14:9.7%, rsi14:5.8%, ema9:5.4%"
1154,BMRN,SP400,BioMarin Pharmaceutical Inc.,Biotechnology,Healthcare,2026-08-24,65.07,59.14,-9.11,56.19,62.04,65.01,64.77,63.54,62.01,"rsi14:7.7%, atr14:5.9%, ema9:4.1%"
1155,COLL,SP600,"Collegium Pharmaceutical, Inc.",Drug Manufacturers - Specialty & Generic,Healthcare,2026-08-24,27.35,24.86,-9.11,22.82,26.88,27.46,27.3,26.72,26.26,"atr14:8.3%, rsi14:6.6%, ema9:5.0%"
1156,HASI,SP600,"HA Sustainable Infrastructure Capital, Inc.",Asset Management,Financial Services,2026-08-24,39.47,35.87,-9.11,34.09,37.61,39.05,38.48,37.97,37.06,"atr14:7.1%, rsi14:6.8%, ema9:5.5%"
1157,APLE,SP600,"Apple Hospitality REIT, Inc.",REIT - Hotel & Motel,Real Estate,2026-08-24,16.59,15.08,-9.11,14.58,15.6,16.52,16.41,16.15,15.82,"rsi14:6.6%, atr14:6.3%, ema9:5.7%"
1158,IDA,SP400,"IDACORP, Inc.",Utilities - Regulated Electric,Utilities,2026-08-24,138.23,125.63,-9.12,121.81,128.89,140.49,138.0,135.98,134.01,"atr14:7.2%, ema9:5.6%, rsi14:5.5%"
1159,WTFC,SP400,Wintrust Financial Corporation,Banks - Regional,Financial Services,2026-08-24,151.99,138.12,-9.12,134.13,142.62,149.97,149.53,147.39,142.59,"atr14:7.5%, rsi14:5.9%, ema9:5.6%"
1160,DLX,SP600,Deluxe Corporation,Conglomerates,Industrials,2026-08-24,24.08,21.88,-9.13,20.78,23.0,23.68,23.58,23.33,22.81,"atr14:8.0%, rsi14:7.2%, ema9:3.9%"
1161,NWN,SP600,Northwest Natural Holding Company,Utilities - Regulated Gas,Utilities,2026-08-24,50.22,45.63,-9.14,44.2,46.87,50.97,50.64,49.86,48.43,"rsi14:6.2%, atr14:6.0%, ema9:5.5%"
1162,MTB,SP500,M&T Bank Corporation,Banks - Regional,Financial Services,2026-08-24,241.79,219.69,-9.14,212.89,226.83,239.72,238.69,235.46,228.66,"atr14:7.8%, rsi14:5.9%, ema9:5.5%"
1163,VSEC,SP600,VSE Corporation,Aerospace & Defense,Industrials,2026-08-24,215.0,195.34,-9.14,182.56,208.27,218.73,217.45,211.59,206.08,"atr14:10.4%, rsi14:6.7%, ema9:5.2%"
1164,TRUP,SP600,"Trupanion, Inc.",Insurance - Property & Casualty,Financial Services,2026-08-24,31.76,28.85,-9.15,26.87,30.9,31.91,31.29,30.24,29.31,"rsi14:8.0%, atr14:6.0%, close:4.9%"
1165,SIGI,SP400,"Selective Insurance Group, Inc.",Insurance - Property & Casualty,Financial Services,2026-08-24,92.65,84.17,-9.15,81.03,87.09,93.35,93.98,91.86,88.86,"atr14:8.2%, rsi14:6.5%, ema9:5.6%"
1166,BXMT,SP600,"Blackstone Mortgage Trust, Inc.",REIT - Mortgage,Real Estate,2026-08-24,14.12,12.83,-9.16,12.17,13.5,14.29,14.27,14.04,13.5,"rsi14:6.6%, atr14:5.8%, ema9:4.2%"
1167,BALL,SP500,Ball Corporation,Packaging & Containers,Consumer Cyclical,2026-08-24,64.42,58.51,-9.17,56.59,60.28,64.9,63.79,62.49,60.96,"rsi14:7.2%, atr14:6.7%, ema9:5.2%"
1168,FULT,SP600,Fulton Financial Corporation,Banks - Regional,Financial Services,2026-08-24,23.59,21.43,-9.17,20.8,22.09,23.36,23.38,22.91,22.23,"atr14:8.1%, rsi14:6.1%, ema9:5.6%"
1169,QRVO,SP600,"Qorvo, Inc.",Semiconductors,Technology,2026-08-24,95.37,86.61,-9.18,82.13,91.18,95.94,94.25,91.96,89.49,"rsi14:7.6%, atr14:7.3%, ema9:4.1%"
1170,BIIB,SP500,Biogen Inc.,Drug Manufacturers - General,Healthcare,2026-08-24,218.12,198.06,-9.2,189.73,206.26,216.34,214.79,211.78,208.9,"rsi14:7.8%, atr14:6.9%, vol:4.0%"
1171,CFR,SP400,"Cullen/Frost Bankers, Inc.",Banks - Regional,Financial Services,2026-08-24,164.39,149.26,-9.2,145.26,153.69,162.8,162.01,159.36,154.62,"atr14:7.5%, rsi14:6.0%, ema9:5.3%"
1172,SIRI,SP400,Sirius XM Holdings Inc.,Entertainment,Communication Services,2026-08-24,28.45,25.83,-9.2,24.28,27.42,28.44,28.3,27.96,27.35,"rsi14:7.8%, atr14:6.2%, ema9:5.0%"
1173,HWC,SP400,Hancock Whitney Corporation,Banks - Regional,Financial Services,2026-08-24,74.86,67.96,-9.22,65.83,70.24,73.97,73.76,72.49,70.33,"atr14:7.3%, rsi14:6.2%, ema9:5.6%"
1174,ILMN,SP400,"Illumina, Inc.",Diagnostics & Research,Healthcare,2026-08-24,223.22,202.6,-9.24,192.37,212.65,225.26,224.84,219.52,210.47,"rsi14:7.7%, atr14:7.1%, vol:4.0%"
1175,AIN,SP600,Albany International Corp.,Textile Manufacturing,Consumer Cyclical,2026-08-24,58.34,52.95,-9.25,50.16,55.69,58.45,57.99,56.77,54.77,"atr14:7.8%, rsi14:7.3%, ema9:4.8%"
1176,EOG,SP500,"EOG Resources, Inc.",Oil & Gas E&P,Energy,2026-08-24,150.21,136.31,-9.25,130.48,142.28,143.61,141.31,140.72,139.65,"atr14:9.0%, rsi14:6.5%, ema9:5.8%"
1177,FANG,SP500,"Diamondback Energy, Inc.",Oil & Gas E&P,Energy,2026-08-24,205.6,186.57,-9.26,177.08,196.28,196.99,193.53,191.86,189.2,"atr14:9.3%, rsi14:6.3%, ema9:5.7%"
1178,TKO,SP500,"TKO Group Holdings, Inc.",Entertainment,Communication Services,2026-08-24,193.42,175.5,-9.26,166.01,184.97,192.88,188.92,187.47,185.88,"atr14:10.0%, rsi14:6.9%, ema9:5.4%"
1179,CDP,SP400,COPT Defense Properties,REIT - Office,Real Estate,2026-08-24,37.46,33.99,-9.27,32.99,35.01,37.77,37.55,36.79,35.72,"atr14:6.5%, rsi14:6.1%, ema9:5.5%"
1180,GPOR,SP600,Gulfport Energy Corporation,Oil & Gas E&P,Energy,2026-08-24,175.52,159.26,-9.27,150.01,168.88,171.04,169.07,167.6,164.38,"atr14:8.1%, rsi14:6.1%, ema9:5.1%"
1181,URBN,SP600,"Urban Outfitters, Inc.",Apparel Retail,Consumer Cyclical,2026-08-24,76.05,68.99,-9.28,65.2,72.82,76.05,75.41,75.19,72.89,"atr14:8.7%, rsi14:7.2%, ema9:5.5%"
1182,DVN,SP500,Devon Energy Corporation,Oil & Gas E&P,Energy,2026-08-24,48.23,43.75,-9.28,41.53,46.03,46.42,45.06,44.55,44.43,"rsi14:7.9%, atr14:6.5%, vol:4.5%"
1183,GNL,SP600,"Global Net Lease, Inc.",REIT - Diversified,Real Estate,2026-08-24,9.22,8.36,-9.29,8.08,8.64,9.36,9.36,9.19,8.81,"rsi14:6.6%, atr14:6.0%, ema9:5.3%"
1184,TPC,SP600,Tutor Perini Corporation,Engineering & Construction,Industrials,2026-08-24,88.32,80.11,-9.29,75.45,84.92,86.96,85.89,84.87,82.8,"atr14:9.3%, rsi14:7.4%, ema9:4.9%"
1185,EG,SP500,"Everest Group, Ltd.",Insurance - Reinsurance,Financial Services,2026-08-24,376.79,341.59,-9.34,330.57,352.48,376.86,373.37,368.94,360.45,"atr14:7.7%, rsi14:6.1%, ema9:5.6%"
1186,KN,SP600,Knowles Corporation,Electronic Components,Technology,2026-08-24,32.6,29.55,-9.35,27.92,31.18,32.89,32.59,31.84,31.41,"atr14:10.0%, rsi14:7.1%, ema9:5.4%"
1187,HMN,SP600,Horace Mann Educators Corporation,Insurance - Property & Casualty,Financial Services,2026-08-24,51.2,46.41,-9.35,44.79,48.02,51.24,51.11,50.65,48.79,"atr14:7.1%, rsi14:6.6%, ema9:5.8%"
1188,LUV,SP500,Southwest Airlines Co.,Airlines,Industrials,2026-08-24,40.71,36.9,-9.36,34.81,38.96,40.72,40.36,39.68,38.95,"atr14:7.6%, rsi14:7.5%, ema9:5.1%"
1189,MARA,SP600,"MARA Holdings, Inc.",Capital Markets,Financial Services,2026-08-24,11.18,10.13,-9.37,8.73,11.67,12.39,11.65,11.26,10.5,"rsi14:7.8%, close:6.6%, atr14:6.5%"
1190,HAL,SP500,Halliburton Company,Oil & Gas Equipment & Services,Energy,2026-08-24,34.63,31.39,-9.37,29.76,33.05,33.14,32.0,31.67,31.67,"rsi14:7.4%, atr14:7.4%, ema9:4.8%"
1191,KIM,SP500,Kimco Realty Corporation,REIT - Retail,Real Estate,2026-08-24,24.22,21.95,-9.37,21.21,22.69,24.43,24.39,23.8,23.04,"atr14:6.2%, high:6.0%, ema9:5.5%"
1192,PRVA,SP600,"Privia Health Group, Inc.",Health Information Services,Healthcare,2026-08-24,21.02,19.05,-9.37,17.89,20.23,21.75,21.57,21.01,20.11,"rsi14:7.3%, atr14:5.5%, vol:4.0%"
1193,BHE,SP600,"Benchmark Electronics, Inc.",Electronic Components,Technology,2026-08-24,71.72,64.98,-9.4,61.77,68.12,72.86,72.0,71.3,70.64,"atr14:9.5%, rsi14:7.3%, ema9:5.0%"
1194,RCUS,SP600,"Arcus Biosciences, Inc.",Biotechnology,Healthcare,2026-08-24,30.12,27.29,-9.41,24.74,29.81,31.61,30.99,29.36,28.27,"rsi14:7.8%, atr14:7.5%, vol:4.3%"
1195,VNO,SP400,Vornado Realty Trust,REIT - Office,Real Estate,2026-08-24,38.87,35.21,-9.41,33.83,36.45,38.44,38.32,37.86,37.17,"rsi14:8.1%, atr14:6.4%, macd:4.6%"
1196,FBRT,SP600,"Franklin BSP Realty Trust, Inc.",REIT - Mortgage,Real Estate,2026-08-24,8.44,7.65,-9.41,7.22,8.08,8.48,8.44,8.36,8.2,"rsi14:7.3%, atr14:6.3%, ema9:5.5%"
1197,RYN,SP400,Rayonier Inc.,REIT - Specialty,Real Estate,2026-08-24,21.22,19.22,-9.42,18.57,19.82,21.24,21.07,20.72,20.25,"rsi14:7.3%, atr14:6.4%, ema9:5.0%"
1198,ABCB,SP600,Ameris Bancorp,Banks - Regional,Financial Services,2026-08-24,85.95,77.85,-9.42,74.75,80.99,84.68,84.3,83.61,80.8,"atr14:8.4%, rsi14:5.5%, ema9:5.5%"
1199,NXPI,SP500,NXP Semiconductors N.V.,Semiconductors,Technology,2026-08-24,222.44,201.45,-9.43,190.81,212.08,223.38,219.86,217.04,210.53,"atr14:9.8%, rsi14:7.3%, ema9:5.0%"
1200,KMPR,SP600,Kemper Corporation,Insurance - Property & Casualty,Financial Services,2026-08-24,27.66,25.05,-9.44,23.84,26.24,27.29,27.1,27.03,26.29,"rsi14:8.0%, atr14:6.7%, close:4.7%"
1201,SBSI,SP600,"Southside Bancshares, Inc.",Banks - Regional,Financial Services,2026-08-24,32.06,29.03,-9.45,27.91,30.11,31.9,31.93,31.43,30.3,"atr14:7.1%, rsi14:6.6%, ema9:5.6%"
1202,DLB,SP400,"Dolby Laboratories, Inc.",Specialty Business Services,Industrials,2026-08-24,66.05,59.81,-9.45,57.22,62.31,65.46,64.65,63.35,61.96,"atr14:7.6%, rsi14:7.3%, ema9:4.6%"
1203,LXP,SP600,LXP Industrial Trust,REIT - Industrial,Real Estate,2026-08-24,61.12,55.34,-9.46,53.74,57.09,61.56,61.24,60.92,58.96,"rsi14:6.5%, atr14:6.1%, ema9:5.7%"
1204,TAP,SP500,Molson Coors Beverage Company,Beverages - Brewers,Consumer Defensive,2026-08-24,42.99,38.92,-9.46,37.53,40.24,42.84,42.26,41.82,41.11,"atr14:7.3%, rsi14:6.8%, vol:4.4%"
1205,CATY,SP600,Cathay General Bancorp,Banks - Regional,Financial Services,2026-08-24,62.33,56.43,-9.46,54.83,58.25,61.77,61.8,60.74,58.61,"atr14:7.6%, rsi14:6.0%, ema9:5.6%"
1206,SBUX,SP500,Starbucks Corporation,Restaurants,Consumer Cyclical,2026-08-24,107.49,97.3,-9.48,93.13,101.33,107.64,106.89,105.44,102.13,"atr14:7.9%, rsi14:6.6%, ema9:5.9%"
1207,ADAM,SP600,"Adamas Trust, Inc.",REIT - Mortgage,Real Estate,2026-08-24,9.86,8.93,-9.48,8.55,9.33,9.97,9.94,9.9,9.66,"rsi14:7.7%, atr14:6.1%, ema9:5.1%"
1208,MTZ,SP400,"MasTec, Inc.",Engineering & Construction,Industrials,2026-08-24,255.36,231.14,-9.48,217.86,244.59,251.01,245.87,242.54,237.47,"atr14:9.2%, rsi14:7.1%, ema9:4.9%"
1209,VIR,SP600,"Vir Biotechnology, Inc.",Biotechnology,Healthcare,2026-08-24,9.91,8.97,-9.49,8.18,9.77,10.14,9.92,9.5,9.32,"rsi14:8.0%, close:7.1%, atr14:6.4%"
1210,SEDG,SP600,"SolarEdge Technologies, Inc.",Solar,Technology,2026-08-24,30.09,27.23,-9.49,24.62,29.96,31.63,31.53,31.33,30.86,"rsi14:8.0%, atr14:6.9%, close:6.4%"
1211,VTOL,SP600,Bristow Group Inc.,Oil & Gas Equipment & Services,Energy,2026-08-24,45.95,41.59,-9.49,39.2,44.05,44.96,44.88,44.38,43.51,"rsi14:6.9%, atr14:6.4%, ema9:4.2%"
1212,GAP,SP400,"The Gap, Inc.",Apparel Retail,Consumer Cyclical,2026-08-24,20.36,18.43,-9.49,17.44,19.4,20.28,20.03,19.88,19.28,"atr14:7.8%, rsi14:7.5%, ema9:4.5%"
1213,CBU,SP600,"Community Financial System, Inc.",Banks - Regional,Financial Services,2026-08-24,63.02,57.04,-9.5,55.3,58.83,62.12,61.92,61.0,59.32,"atr14:6.9%, rsi14:6.7%, ema9:6.0%"
1214,LTC,SP600,"LTC Properties, Inc.",REIT - Healthcare Facilities,Real Estate,2026-08-24,40.42,36.58,-9.5,35.44,37.67,41.17,41.14,40.01,39.02,"atr14:6.2%, rsi14:5.8%, ema9:5.6%"
1215,UFCS,SP600,"United Fire Group, Inc.",Insurance - Property & Casualty,Financial Services,2026-08-24,53.93,48.79,-9.53,46.51,51.04,54.19,53.88,52.77,51.66,"atr14:7.3%, rsi14:6.8%, ema9:5.8%"
1216,JOE,SP600,The St. Joe Company,Real Estate - Diversified,Real Estate,2026-08-24,70.06,63.38,-9.53,60.5,66.13,69.55,68.85,68.27,66.39,"atr14:8.6%, rsi14:6.9%, ema9:5.6%"
1217,HIW,SP600,"Highwoods Properties, Inc.",REIT - Office,Real Estate,2026-08-24,31.77,28.74,-9.53,27.88,29.58,31.64,31.32,30.68,30.05,"rsi14:7.5%, atr14:6.1%, ema9:5.7%"
1218,PATK,SP600,"Patrick Industries, Inc.",Recreational Vehicles,Consumer Cyclical,2026-08-24,85.12,77.0,-9.53,71.99,82.09,84.25,83.85,83.16,79.79,"atr14:9.0%, rsi14:6.2%, ema9:4.9%"
1219,CUZ,SP400,Cousins Properties Incorporated,REIT - Office,Real Estate,2026-08-24,30.01,27.14,-9.55,26.24,28.02,30.21,30.13,29.34,28.44,"rsi14:7.1%, atr14:5.8%, ema9:4.7%"
1220,PNFP,SP400,"Pinnacle Financial Partners, Inc.",Banks - Regional,Financial Services,2026-08-24,101.34,91.65,-9.56,88.62,94.81,100.27,100.13,98.61,95.57,"atr14:7.1%, rsi14:6.6%, ema9:5.5%"
1221,CZR,SP600,"Caesars Entertainment, Inc.",Resorts & Casinos,Consumer Cyclical,2026-08-24,29.66,26.82,-9.56,25.37,28.39,29.91,29.72,29.35,27.98,"rsi14:6.8%, atr14:5.1%, vol:3.9%"
1222,CBSH,SP400,"Commerce Bancshares, Inc.",Banks - Regional,Financial Services,2026-08-24,58.63,53.02,-9.57,51.8,54.43,58.1,58.08,56.6,55.23,"rsi14:6.5%, atr14:6.4%, ema9:5.6%"
1223,ESNT,SP400,Essent Group Ltd.,Insurance - Specialty,Financial Services,2026-08-24,68.47,61.91,-9.57,59.54,64.36,68.49,68.33,67.78,65.33,"atr14:6.2%, rsi14:5.8%, ema9:5.5%"
1224,LQDT,SP600,"Liquidity Services, Inc.",Internet Retail,Consumer Cyclical,2026-08-24,43.23,39.09,-9.57,36.59,41.66,43.3,42.54,41.82,40.42,"rsi14:7.6%, atr14:6.5%, ema9:5.0%"
1225,TXN,SP500,Texas Instruments Incorporated,Semiconductors,Technology,2026-08-24,258.94,234.14,-9.58,224.85,243.1,254.79,254.33,248.55,244.56,"atr14:9.7%, rsi14:7.3%, ema9:5.2%"
1226,EPR,SP400,EPR Properties,REIT - Specialty,Real Estate,2026-08-24,60.56,54.76,-9.58,53.11,56.53,61.18,60.87,59.69,57.74,"atr14:6.1%, rsi14:5.8%, ema9:5.7%"
1227,HFWA,SP600,Heritage Financial Corporation,Banks - Regional,Financial Services,2026-08-24,29.04,26.26,-9.58,25.32,27.21,28.79,28.72,28.38,27.5,"atr14:7.2%, rsi14:6.1%, ema9:5.7%"
1228,PYPL,SP500,"PayPal Holdings, Inc.",Credit Services,Financial Services,2026-08-24,61.68,55.77,-9.59,53.44,57.87,61.87,61.01,59.2,57.77,"rsi14:7.3%, atr14:5.5%, ema20:4.3%"
1229,BGC,SP600,"BGC Group, Inc.",Capital Markets,Financial Services,2026-08-24,11.95,10.8,-9.59,10.26,11.35,11.82,11.68,11.59,11.28,"atr14:9.2%, rsi14:6.2%, ema9:5.6%"
1230,FFIN,SP400,"First Financial Bankshares, Inc.",Banks - Regional,Financial Services,2026-08-24,33.96,30.7,-9.6,29.71,31.7,33.66,33.73,32.86,32.05,"rsi14:6.9%, atr14:6.7%, ema9:5.3%"
1231,LNTH,SP400,"Lantheus Holdings, Inc.",Drug Manufacturers - Specialty & Generic,Healthcare,2026-08-24,100.8,91.12,-9.6,84.87,97.54,102.95,103.92,100.86,98.03,"atr14:8.4%, rsi14:6.8%, ema9:5.8%"
1232,PARR,SP600,"Par Pacific Holdings, Inc.",Oil & Gas Refining & Marketing,Energy,2026-08-24,74.33,67.19,-9.61,62.49,71.87,71.28,69.51,69.11,68.05,"atr14:9.1%, rsi14:7.6%, vol:4.3%"
1233,FR,SP400,"First Industrial Realty Trust, Inc.",REIT - Industrial,Real Estate,2026-08-24,63.43,57.33,-9.61,55.41,59.32,63.86,63.8,62.84,60.46,"atr14:7.7%, rsi14:6.1%, ema9:5.7%"
1234,LPG,SP600,Dorian LPG Ltd.,Oil & Gas Midstream,Energy,2026-08-24,51.32,46.39,-9.61,43.34,49.45,48.48,47.64,47.23,46.97,"atr14:9.8%, rsi14:7.9%, vol:4.2%"
1235,KWR,SP600,Quaker Chemical Corporation,Specialty Chemicals,Basic Materials,2026-08-24,162.16,146.57,-9.62,139.85,153.26,160.63,160.31,158.44,153.13,"atr14:7.6%, rsi14:7.4%, ema9:4.8%"
1236,SCL,SP600,Stepan Company,Specialty Chemicals,Basic Materials,2026-08-24,62.16,56.18,-9.62,53.87,58.49,61.95,61.5,60.78,59.0,"rsi14:7.8%, atr14:6.2%, vol:4.3%"
1237,NJR,SP400,New Jersey Resources Corporation,Utilities - Regulated Gas,Utilities,2026-08-24,53.74,48.57,-9.62,47.0,49.92,54.5,53.8,52.54,51.56,"atr14:7.0%, rsi14:6.1%, ema9:5.7%"
1238,GE,SP500,GE Aerospace,Aerospace & Defense,Industrials,2026-08-24,341.84,308.94,-9.62,298.96,319.85,342.62,340.87,336.56,326.32,"rsi14:6.7%, ema9:6.1%, atr14:5.7%"
1239,EZPW,SP600,"EZCORP, Inc.",Credit Services,Financial Services,2026-08-24,35.05,31.68,-9.63,29.52,33.9,34.82,34.33,34.06,32.75,"atr14:9.8%, rsi14:7.3%, ema9:4.4%"
1240,FBNC,SP600,First Bancorp,Banks - Regional,Financial Services,2026-08-24,65.29,59.0,-9.63,56.8,61.17,64.2,63.88,63.47,61.3,"atr14:8.8%, rsi14:6.1%, ema9:5.6%"
1241,NMIH,SP600,"NMI Holdings, Inc.",Insurance - Specialty,Financial Services,2026-08-24,45.47,41.09,-9.63,39.25,42.94,45.58,45.3,44.86,43.51,"atr14:6.5%, rsi14:5.9%, ema9:5.5%"
1242,CPK,SP600,Chesapeake Utilities Corporation,Utilities - Regulated Gas,Utilities,2026-08-24,135.25,122.21,-9.64,118.17,125.74,136.19,135.29,132.95,129.51,"atr14:7.2%, rsi14:5.6%, ema9:5.6%"
1243,ADUS,SP600,Addus HomeCare Corporation,Medical Care Facilities,Healthcare,2026-08-24,120.82,109.16,-9.65,103.41,114.88,121.45,121.56,119.39,114.45,"atr14:7.1%, rsi14:6.7%, ema9:5.4%"
1244,HTH,SP600,Hilltop Holdings Inc.,Financial Conglomerates,Financial Services,2026-08-24,38.67,34.93,-9.67,33.54,36.28,38.39,38.13,37.88,36.49,"atr14:8.5%, rsi14:5.9%, ema9:5.6%"
1245,VCYT,SP600,"Veracyte, Inc.",Diagnostics & Research,Healthcare,2026-08-24,41.47,37.46,-9.68,34.56,40.44,44.23,44.07,42.3,39.93,"rsi14:8.0%, atr14:7.3%, vol:4.2%"
1246,MAC,SP600,The Macerich Company,REIT - Retail,Real Estate,2026-08-24,24.36,22.0,-9.68,21.0,22.95,24.34,24.23,23.87,23.08,"rsi14:7.8%, atr14:6.1%, ema9:4.5%"
1247,OGE,SP400,OGE Energy Corp.,Utilities - Regulated Electric,Utilities,2026-08-24,45.96,41.51,-9.68,40.34,42.54,46.74,46.1,45.16,44.51,"atr14:7.1%, ema9:5.6%, rsi14:5.2%"
1248,IBOC,SP400,International Bancshares Corporation,Banks - Regional,Financial Services,2026-08-24,71.54,64.6,-9.7,62.69,66.7,70.54,70.29,69.01,67.14,"atr14:7.2%, ema9:5.6%, rsi14:5.6%"
1249,AEIS,SP400,"Advanced Energy Industries, Inc.",Electrical Equipment & Parts,Industrials,2026-08-24,274.67,247.98,-9.72,231.56,264.16,272.89,265.11,253.83,251.97,"atr14:9.7%, rsi14:7.4%, vol:4.3%"
1250,CXT,SP400,"Crane NXT, Co.",Specialty Industrial Machinery,Industrials,2026-08-24,49.8,44.96,-9.72,43.27,46.62,49.28,48.61,47.77,46.12,"atr14:9.1%, rsi14:7.8%, vol:4.3%"
1251,STWD,SP400,"Starwood Property Trust, Inc.",REIT - Mortgage,Real Estate,2026-08-24,16.29,14.71,-9.72,14.25,15.16,16.44,16.4,16.21,15.54,"atr14:6.1%, rsi14:5.9%, high:5.7%"
1252,STBA,SP600,"S&T Bancorp, Inc.",Banks - Regional,Financial Services,2026-08-24,50.25,45.36,-9.73,43.87,46.89,49.71,49.54,48.89,47.5,"atr14:7.5%, rsi14:5.9%, ema9:5.5%"
1253,USB,SP500,U.S. Bancorp,Banks - Regional,Financial Services,2026-08-24,62.42,56.34,-9.74,54.79,58.07,61.86,61.86,60.72,58.9,"atr14:7.4%, rsi14:6.5%, ema9:5.7%"
1254,TGTX,SP600,"TG Therapeutics, Inc.",Biotechnology,Healthcare,2026-08-24,56.01,50.55,-9.74,45.92,55.31,57.9,57.47,54.78,53.04,"rsi14:7.7%, atr14:5.7%, ema9:4.6%"
1255,INVA,SP600,"Innoviva, Inc.",Biotechnology,Healthcare,2026-08-24,21.03,18.98,-9.74,17.87,20.12,21.01,20.92,20.49,19.76,"atr14:6.7%, rsi14:6.1%, ema9:5.1%"
1256,MSA,SP400,MSA Safety Incorporated,Security & Protection Services,Industrials,2026-08-24,188.9,170.48,-9.75,163.9,176.73,190.6,189.05,185.88,178.79,"atr14:7.6%, rsi14:6.1%, ema9:5.5%"
1257,SXI,SP600,Standex International Corporation,Specialty Industrial Machinery,Industrials,2026-08-24,302.99,273.42,-9.76,259.29,286.97,307.07,300.98,293.13,283.73,"atr14:9.9%, rsi14:6.7%, ema9:5.4%"
1258,BANC,SP600,"Banc of California, Inc.",Banks - Regional,Financial Services,2026-08-24,18.65,16.83,-9.76,16.0,17.65,18.69,18.69,18.47,17.68,"atr14:7.1%, rsi14:5.9%, ema9:5.5%"
1259,TMP,SP600,Tompkins Financial Corporation,Banks - Regional,Financial Services,2026-08-24,97.91,88.34,-9.77,85.44,91.3,97.33,97.09,95.54,92.7,"atr14:6.8%, rsi14:6.4%, ema9:5.6%"
1260,WABC,SP600,Westamerica Bancorporation,Banks - Regional,Financial Services,2026-08-24,58.33,52.63,-9.77,51.23,54.2,57.82,57.96,56.67,55.07,"rsi14:6.3%, atr14:6.0%, ema9:5.8%"
1261,LKQ,SP600,LKQ Corporation,Auto Parts,Consumer Cyclical,2026-08-24,25.74,23.22,-9.79,22.28,24.15,25.51,25.07,24.66,23.93,"atr14:7.9%, rsi14:7.1%, vol:3.9%"
1262,WAFD,SP600,"WaFd, Inc.",Banks - Regional,Financial Services,2026-08-24,36.29,32.74,-9.79,31.9,33.69,36.0,36.04,35.31,34.27,"atr14:6.6%, rsi14:6.2%, ema9:5.8%"
1263,MWA,SP600,"Mueller Water Products, Inc.",Specialty Industrial Machinery,Industrials,2026-08-24,25.15,22.69,-9.8,21.62,23.76,25.39,25.22,24.84,23.82,"atr14:7.7%, rsi14:6.1%, ema9:5.4%"
1264,FFIV,SP500,"F5, Inc.",Software - Infrastructure,Technology,2026-08-24,379.04,341.79,-9.83,324.2,359.06,377.38,371.83,364.35,353.85,"atr14:9.7%, rsi14:6.6%, ema9:5.6%"
1265,BHF,SP400,"Brighthouse Financial, Inc.",Insurance - Life,Financial Services,2026-08-24,51.9,46.79,-9.84,45.04,48.71,51.84,51.55,51.13,48.96,"high:6.0%, atr14:5.8%, ema9:5.5%"
1266,UBSI,SP400,"United Bankshares, Inc.",Banks - Regional,Financial Services,2026-08-24,47.8,43.1,-9.84,41.97,44.4,47.52,47.58,46.51,45.08,"atr14:6.4%, rsi14:5.8%, ema9:5.6%"
1267,CENT,SP600,Central Garden & Pet Company,Packaged Foods,Consumer Defensive,2026-08-24,44.3,39.94,-9.84,37.87,41.97,44.67,44.05,43.19,41.98,"atr14:8.9%, rsi14:6.6%, ema9:5.7%"
1268,WAL,SP400,Western Alliance Bancorporation,Banks - Regional,Financial Services,2026-08-24,78.39,70.67,-9.84,67.72,73.67,75.8,75.62,74.93,73.14,"rsi14:7.6%, atr14:6.7%, ema9:5.6%"
1269,ADT,SP600,ADT Inc.,Security & Protection Services,Industrials,2026-08-24,7.42,6.69,-9.86,6.38,6.99,7.44,7.39,7.29,7.0,"rsi14:7.5%, atr14:5.7%, ema9:5.3%"
1270,BCPC,SP600,Balchem Corporation,Specialty Chemicals,Basic Materials,2026-08-24,177.5,160.0,-9.86,154.03,165.58,177.89,176.13,173.96,167.64,"atr14:7.5%, rsi14:5.9%, ema9:5.5%"
1271,NAVI,SP600,Navient Corporation,Credit Services,Financial Services,2026-08-24,9.47,8.54,-9.86,8.07,9.01,9.43,9.3,9.23,8.91,"rsi14:7.8%, atr14:6.5%, vol:3.8%"
1272,TRN,SP600,"Trinity Industries, Inc.",Railroads,Industrials,2026-08-24,29.69,26.76,-9.87,25.42,28.1,28.95,28.59,28.2,27.57,"atr14:9.5%, rsi14:6.8%, ema9:5.3%"
1273,TRMK,SP600,Trustmark Corporation,Banks - Regional,Financial Services,2026-08-24,46.47,41.88,-9.88,40.82,43.1,46.17,46.32,45.46,43.9,"atr14:7.2%, rsi14:5.8%, ema9:5.6%"
1274,GBCI,SP400,"Glacier Bancorp, Inc.",Banks - Regional,Financial Services,2026-08-24,46.77,42.14,-9.89,40.73,43.57,46.23,46.35,45.35,44.02,"atr14:6.9%, rsi14:6.4%, ema9:5.5%"
1275,ALLY,SP400,Ally Financial Inc.,Credit Services,Financial Services,2026-08-24,42.45,38.25,-9.89,36.63,39.88,42.34,41.94,41.72,40.35,"atr14:8.1%, rsi14:6.6%, ema9:5.9%"
1276,NGVT,SP600,Ingevity Corporation,Specialty Chemicals,Basic Materials,2026-08-24,68.81,62.0,-9.89,59.21,64.74,67.66,66.43,65.38,63.63,"atr14:7.5%, rsi14:7.4%, ema9:4.6%"
1277,PFS,SP600,"Provident Financial Services, Inc.",Banks - Regional,Financial Services,2026-08-24,23.57,21.24,-9.9,20.65,21.89,23.44,23.45,23.1,22.3,"atr14:7.3%, rsi14:6.3%, ema9:5.7%"
1278,PCG,SP500,PG&E Corporation,Utilities - Regulated Electric,Utilities,2026-08-24,18.11,16.32,-9.91,15.5,17.17,18.33,18.09,17.89,17.48,"rsi14:7.1%, atr14:5.6%, ema20:4.1%"
1279,DIS,SP500,The Walt Disney Company,Entertainment,Communication Services,2026-08-24,110.61,99.64,-9.91,96.32,102.8,110.6,109.33,107.84,104.34,"rsi14:7.4%, atr14:6.5%, ema9:4.7%"
1280,SYY,SP500,Sysco Corporation,Food Distribution,Consumer Defensive,2026-08-24,83.86,75.54,-9.92,72.89,78.0,84.29,82.94,81.99,79.76,"rsi14:7.0%, atr14:6.6%, ema9:5.9%"
1281,BDC,SP400,Belden Inc.,Communication Equipment,Technology,2026-08-24,116.76,105.15,-9.94,100.14,110.07,114.92,113.52,111.94,108.87,"atr14:10.1%, rsi14:7.2%, vol:4.2%"
1282,CORT,SP600,Corcept Therapeutics Incorporated,Biotechnology,Healthcare,2026-08-24,123.24,110.98,-9.95,103.15,119.01,124.1,123.99,122.3,117.03,"atr14:7.1%, rsi14:6.7%, ema9:5.1%"
1283,NBTB,SP600,NBT Bancorp Inc.,Banks - Regional,Financial Services,2026-08-24,52.0,46.82,-9.96,45.44,48.26,51.35,51.16,50.36,48.97,"atr14:7.6%, rsi14:5.7%, ema9:5.4%"
1284,SFBS,SP600,"ServisFirst Bancshares, Inc.",Banks - Regional,Financial Services,2026-08-24,43.94,39.56,-9.97,38.13,40.96,43.58,43.47,42.82,41.38,"rsi14:7.2%, atr14:6.0%, ema9:5.2%"
1285,SUPN,SP600,"Supernus Pharmaceuticals, Inc.",Drug Manufacturers - Specialty & Generic,Healthcare,2026-08-24,45.11,40.61,-9.97,37.99,43.26,45.35,45.32,44.32,42.61,"atr14:8.7%, rsi14:6.4%, ema9:5.4%"
1286,FFBC,SP600,First Financial Bancorp.,Banks - Regional,Financial Services,2026-08-24,32.94,29.65,-9.97,28.71,30.64,32.66,32.78,32.16,31.11,"atr14:7.2%, rsi14:5.8%, ema9:5.5%"
1287,HGV,SP400,Hilton Grand Vacations Inc.,Resorts & Casinos,Consumer Cyclical,2026-08-24,45.36,40.83,-9.98,38.66,43.0,45.82,44.98,44.57,43.05,"atr14:8.6%, rsi14:7.7%, ema9:4.4%"
1288,LKFN,SP600,Lakeland Financial Corporation,Banks - Regional,Financial Services,2026-08-24,60.22,54.21,-9.98,52.35,55.99,59.22,58.86,58.08,56.62,"atr14:8.1%, rsi14:6.8%, ema9:5.6%"
1289,ARW,SP400,"Arrow Electronics, Inc.",Electronics & Computer Distribution,Technology,2026-08-24,201.84,181.66,-10.0,174.51,188.7,201.2,198.52,193.96,189.61,"atr14:9.6%, rsi14:6.9%, ema9:5.6%"
1290,PRI,SP400,"Primerica, Inc.",Insurance - Life,Financial Services,2026-08-24,299.98,269.98,-10.0,260.85,279.17,298.45,295.74,293.75,283.51,"atr14:7.5%, rsi14:6.7%, ema9:5.8%"
1291,INDB,SP600,Independent Bank Corp.,Banks - Regional,Financial Services,2026-08-24,83.48,75.13,-10.0,72.84,77.55,82.65,82.64,81.15,78.67,"atr14:6.5%, rsi14:6.5%, ema9:5.9%"
1292,CFFN,SP600,"Capitol Federal Financial, Inc.",Banks - Regional,Financial Services,2026-08-24,8.53,7.68,-10.0,7.44,7.9,8.46,8.48,8.35,8.11,"rsi14:7.1%, atr14:6.6%, ema9:5.7%"
1293,XYZ,SP500,"Block, Inc.",Software - Infrastructure,Technology,2026-08-24,81.38,73.24,-10.01,68.25,78.34,83.34,81.0,77.37,76.13,"rsi14:8.1%, atr14:6.1%, vol:4.1%"
1294,SBRA,SP400,"Sabra Health Care REIT, Inc.",REIT - Healthcare Facilities,Real Estate,2026-08-24,20.47,18.42,-10.02,17.59,19.21,20.54,20.32,19.97,19.67,"atr14:7.4%, rsi14:5.8%, ema9:5.6%"
1295,BKU,SP600,"BankUnited, Inc.",Banks - Regional,Financial Services,2026-08-24,46.28,41.64,-10.02,40.17,43.13,45.59,45.3,44.94,43.32,"atr14:8.2%, rsi14:6.0%, ema9:5.6%"
1296,PCRX,SP600,"Pacira BioSciences, Inc.",Drug Manufacturers - Specialty & Generic,Healthcare,2026-08-24,24.86,22.37,-10.02,20.88,23.88,24.95,24.79,24.33,23.88,"rsi14:7.4%, atr14:6.0%, vol:4.2%"
1297,WMB,SP500,"The Williams Companies, Inc.",Oil & Gas Midstream,Energy,2026-08-24,70.97,63.85,-10.03,60.99,66.76,70.38,69.72,68.97,67.06,"atr14:9.3%, rsi14:6.0%, ema9:5.5%"
1298,APAM,SP600,Artisan Partners Asset Management Inc.,Asset Management,Financial Services,2026-08-24,42.98,38.67,-10.03,37.08,40.22,43.05,42.63,42.2,40.43,"atr14:7.7%, rsi14:6.5%, ema9:5.6%"
1299,SWX,SP400,"Southwest Gas Holdings, Inc.",Utilities - Regulated Gas,Utilities,2026-08-24,89.57,80.57,-10.04,78.19,82.71,90.81,89.64,88.32,85.72,"atr14:6.2%, ema9:5.7%, rsi14:5.7%"
1300,AFG,SP400,"American Financial Group, Inc.",Insurance - Property & Casualty,Financial Services,2026-08-24,144.44,129.92,-10.06,126.68,133.52,144.67,143.83,142.5,136.9,"atr14:8.6%, rsi14:5.9%, ema9:5.5%"
1301,AXP,SP500,American Express Company,Credit Services,Financial Services,2026-08-24,337.33,303.4,-10.06,292.29,314.12,337.81,335.4,331.74,318.44,"atr14:8.0%, rsi14:7.1%, ema9:5.7%"
1302,FIBK,SP600,"First Interstate BancSystem, Inc.",Banks - Regional,Financial Services,2026-08-24,37.24,33.49,-10.06,32.39,34.61,36.84,36.64,36.26,35.04,"atr14:7.0%, rsi14:6.4%, ema9:5.8%"
1303,FCF,SP600,First Commonwealth Financial Corporation,Banks - Regional,Financial Services,2026-08-24,20.96,18.85,-10.07,18.32,19.44,20.78,20.82,20.42,19.75,"atr14:6.5%, rsi14:5.9%, ema9:5.6%"
1304,CE,SP600,Celanese Corporation,Chemicals,Basic Materials,2026-08-24,45.26,40.7,-10.07,38.44,42.97,43.62,43.25,42.93,42.32,"rsi14:7.7%, atr14:7.4%, close:5.1%"
1305,EXTR,SP600,"Extreme Networks, Inc.",Communication Equipment,Technology,2026-08-24,22.38,20.12,-10.08,18.67,21.6,22.72,23.18,22.37,21.92,"atr14:9.3%, rsi14:7.5%, ema9:5.1%"
1306,L,SP500,Loews Corporation,Insurance - Property & Casualty,Financial Services,2026-08-24,111.45,100.21,-10.08,97.45,103.03,111.61,110.36,109.38,105.62,"atr14:7.8%, rsi14:6.0%, ema9:5.6%"
1307,CRH,SP500,CRH plc,Building Materials,Basic Materials,2026-08-24,95.79,86.13,-10.09,81.26,90.89,96.42,93.78,92.07,89.0,"atr14:9.0%, rsi14:7.6%, ema9:4.1%"
1308,MET,SP500,"MetLife, Inc.",Insurance - Life,Financial Services,2026-08-24,96.21,86.5,-10.1,84.1,89.23,95.77,95.43,94.79,90.77,"atr14:7.2%, rsi14:6.9%, ema9:5.7%"
1309,GNTX,SP400,Gentex Corporation,Auto Parts,Consumer Cyclical,2026-08-24,23.59,21.21,-10.1,20.39,22.01,23.23,23.13,22.82,22.08,"atr14:7.4%, rsi14:6.7%, ema9:5.2%"
1310,FNB,SP400,F.N.B. Corporation,Banks - Regional,Financial Services,2026-08-24,18.48,16.61,-10.11,16.14,17.14,18.27,18.27,17.87,17.35,"atr14:6.6%, rsi14:6.2%, ema9:5.7%"
1311,NWE,SP400,"NorthWestern Energy Group, Inc.",Utilities - Regulated Electric,Utilities,2026-08-24,69.66,62.62,-10.11,60.88,64.06,71.14,70.48,69.03,66.85,"rsi14:6.3%, atr14:6.2%, ema9:5.8%"
1312,RELY,SP600,"Remitly Global, Inc.",Software - Infrastructure,Technology,2026-08-24,26.59,23.9,-10.12,22.37,25.47,26.82,26.32,25.38,24.97,"rsi14:7.4%, atr14:5.8%, ema9:4.8%"
1313,ALK,SP400,"Alaska Air Group, Inc.",Airlines,Industrials,2026-08-24,41.56,37.35,-10.12,35.11,39.65,41.26,41.0,40.67,39.68,"rsi14:8.3%, atr14:6.4%, macd:4.5%"
1314,HAFC,SP600,Hanmi Financial Corporation,Banks - Regional,Financial Services,2026-08-24,31.22,28.06,-10.13,26.86,29.32,30.92,31.12,30.62,29.46,"rsi14:7.0%, atr14:5.3%, vol:3.9%"
1315,PRSU,SP600,"Pursuit Attractions and Hospitality, Inc.",Travel Services,Consumer Cyclical,2026-08-24,48.77,43.83,-10.13,41.14,46.53,49.63,49.83,48.8,46.37,"rsi14:7.3%, atr14:6.6%, ema9:5.0%"
1316,DBD,SP600,"Diebold Nixdorf, Incorporated",Software - Application,Technology,2026-08-24,68.8,61.83,-10.14,58.0,65.77,66.71,65.99,65.28,63.2,"atr14:9.3%, rsi14:6.8%, ema9:5.3%"
1317,THRM,SP600,Gentherm Incorporated,Auto Parts,Consumer Cyclical,2026-08-24,39.45,35.45,-10.15,33.21,37.73,39.17,38.77,37.76,36.68,"rsi14:7.7%, atr14:6.8%, vol:4.2%"
1318,ETSY,SP600,"Etsy, Inc.",Internet Retail,Consumer Cyclical,2026-08-24,87.03,78.19,-10.16,71.77,84.85,90.74,90.29,88.34,85.3,"rsi14:8.3%, atr14:6.0%, vol:4.3%"
1319,LVS,SP500,Las Vegas Sands Corp.,Resorts & Casinos,Consumer Cyclical,2026-08-24,46.97,42.2,-10.16,39.81,44.59,46.42,46.16,45.55,43.65,"rsi14:7.2%, atr14:6.4%, ema9:5.1%"
1320,ACMR,SP600,"ACM Research, Inc.",Semiconductor Equipment & Materials,Technology,2026-08-24,77.35,69.49,-10.17,62.68,76.61,79.33,73.48,70.72,69.5,"atr14:9.1%, rsi14:8.0%, vol:4.5%"
1321,EGBN,SP600,"Eagle Bancorp, Inc.",Banks - Regional,Financial Services,2026-08-24,28.11,25.25,-10.17,24.2,26.26,27.78,27.87,27.49,26.44,"rsi14:7.1%, atr14:6.6%, ema9:4.7%"
1322,PLNT,SP400,"Planet Fitness, Inc.",Leisure,Consumer Cyclical,2026-08-24,53.86,48.38,-10.17,45.36,51.47,54.28,53.22,52.53,51.17,"rsi14:7.8%, atr14:7.0%, vol:4.4%"
1323,MP,SP400,MP Materials Corp.,Other Industrial Metals & Mining,Basic Materials,2026-08-24,57.42,51.58,-10.17,47.5,55.78,53.98,51.73,50.38,50.74,"atr14:8.0%, rsi14:7.9%, vol:4.5%"
1324,ONTO,SP400,Onto Innovation Inc.,Semiconductor Equipment & Materials,Technology,2026-08-24,282.91,254.12,-10.17,237.57,270.83,276.89,270.51,259.05,259.1,"atr14:9.1%, rsi14:7.7%, vol:4.4%"
1325,FHN,SP400,First Horizon Corporation,Banks - Regional,Financial Services,2026-08-24,24.53,22.03,-10.18,21.32,22.81,24.34,24.35,23.96,23.02,"atr14:6.8%, rsi14:5.9%, ema9:5.7%"
1326,WY,SP500,Weyerhaeuser Company,REIT - Specialty,Real Estate,2026-08-24,24.39,21.9,-10.2,21.07,22.71,24.4,24.26,23.93,23.08,"rsi14:7.0%, atr14:6.5%, ema9:5.2%"
1327,LNN,SP600,Lindsay Corporation,Farm & Heavy Construction Machinery,Industrials,2026-08-24,116.24,104.38,-10.21,100.03,108.69,116.07,114.19,112.48,109.11,"atr14:7.6%, rsi14:6.8%, ema9:5.1%"
1328,PPG,SP500,"PPG Industries, Inc.",Specialty Chemicals,Basic Materials,2026-08-24,113.23,101.67,-10.21,98.41,104.92,113.7,112.98,110.53,106.99,"rsi14:8.1%, atr14:5.8%, ema9:4.5%"
1329,PB,SP400,"Prosperity Bancshares, Inc.",Banks - Regional,Financial Services,2026-08-24,72.75,65.31,-10.22,63.49,67.31,71.72,72.06,70.5,68.37,"rsi14:6.3%, atr14:6.2%, ema9:5.7%"
1330,BBT,SP600,Beacon Financial Corporation,Banks - Regional,Financial Services,2026-08-24,31.58,28.35,-10.23,27.43,29.31,31.36,31.34,30.7,29.84,"atr14:6.8%, rsi14:6.7%, ema9:5.8%"
1331,NVST,SP400,Envista Holdings Corporation,Medical Instruments & Supplies,Healthcare,2026-08-24,27.2,24.42,-10.24,23.41,25.38,27.44,27.34,26.61,25.5,"rsi14:7.5%, atr14:6.4%, ema9:4.0%"
1332,SIG,SP600,Signet Jewelers Limited,Luxury Goods,Consumer Cyclical,2026-08-24,83.45,74.9,-10.24,69.87,79.9,82.65,81.86,81.13,77.57,"atr14:7.3%, rsi14:7.3%, ema9:5.4%"
1333,MTSI,SP400,"MACOM Technology Solutions Holdings, Inc.",Semiconductors,Technology,2026-08-24,257.43,231.06,-10.24,214.88,247.57,258.87,256.66,251.9,241.93,"atr14:9.8%, rsi14:7.5%, ema9:4.3%"
1334,OZK,SP400,Bank OZK,Banks - Regional,Financial Services,2026-08-24,49.34,44.28,-10.25,42.86,45.81,48.32,48.0,47.54,46.08,"atr14:7.5%, rsi14:6.1%, ema9:5.7%"
1335,HOMB,SP400,"Home BancShares, Inc.",Banks - Regional,Financial Services,2026-08-24,30.06,26.98,-10.26,26.15,27.85,29.82,29.79,29.26,28.35,"atr14:6.7%, rsi14:6.1%, ema9:5.6%"
1336,STAA,SP600,STAAR Surgical Company,Medical Instruments & Supplies,Healthcare,2026-08-24,23.26,20.87,-10.26,19.35,22.47,24.05,23.92,22.89,21.72,"rsi14:7.5%, atr14:6.2%, close:5.3%"
1337,ASTE,SP600,"Astec Industries, Inc.",Farm & Heavy Construction Machinery,Industrials,2026-08-24,43.6,39.12,-10.26,37.17,41.05,42.59,42.04,41.34,40.33,"atr14:9.3%, rsi14:7.1%, ema9:4.3%"
1338,WYNN,SP500,"Wynn Resorts, Limited",Resorts & Casinos,Consumer Cyclical,2026-08-24,99.41,89.2,-10.27,84.29,94.21,98.31,97.46,95.44,92.71,"rsi14:7.6%, atr14:6.3%, ema9:4.3%"
1339,HAS,SP500,"Hasbro, Inc.",Leisure,Consumer Cyclical,2026-08-24,95.41,85.61,-10.27,82.15,88.82,95.5,94.35,92.34,90.07,"atr14:8.3%, rsi14:6.9%, ema9:5.6%"
1340,DFH,SP600,"Dream Finders Homes, Inc.",Residential Construction,Consumer Cyclical,2026-08-24,14.76,13.24,-10.28,12.07,14.41,14.62,14.23,13.87,13.71,"rsi14:7.9%, atr14:6.8%, vol:4.5%"
1341,BA,SP500,The Boeing Company,Aerospace & Defense,Industrials,2026-08-24,210.46,188.78,-10.3,181.17,196.42,209.38,206.43,204.04,196.77,"rsi14:7.8%, atr14:6.8%, macd:4.4%"
1342,BOH,SP600,Bank of Hawaii Corporation,Banks - Regional,Financial Services,2026-08-24,76.85,68.93,-10.31,67.06,70.92,75.72,75.58,74.58,72.28,"atr14:7.0%, rsi14:6.9%, ema9:6.0%"
1343,ORA,SP400,"Ormat Technologies, Inc.",Utilities - Renewable,Utilities,2026-08-24,105.4,94.54,-10.31,90.05,99.02,103.72,103.07,101.99,99.92,"atr14:9.3%, rsi14:6.4%, ema9:5.4%"
1344,ALB,SP500,Albemarle Corporation,Specialty Chemicals,Basic Materials,2026-08-24,141.51,126.92,-10.31,121.52,132.19,138.11,135.94,133.72,130.82,"atr14:8.3%, rsi14:7.7%, vol:4.5%"
1345,CVBF,SP600,CVB Financial Corp.,Banks - Regional,Financial Services,2026-08-24,22.44,20.13,-10.31,19.52,20.77,22.24,22.36,21.77,21.12,"atr14:6.6%, rsi14:6.2%, ema9:5.6%"
1346,COF,SP500,Capital One Financial Corporation,Credit Services,Financial Services,2026-08-24,216.27,193.94,-10.32,187.04,201.1,214.91,212.72,211.1,203.42,"atr14:7.5%, rsi14:6.9%, ema9:5.6%"
1347,STZ,SP500,"Constellation Brands, Inc.",Beverages - Brewers,Consumer Defensive,2026-08-24,137.6,123.38,-10.33,119.07,127.65,138.28,136.4,134.24,130.7,"atr14:7.3%, rsi14:7.0%, ema9:4.9%"
1348,WSFS,SP600,WSFS Financial Corporation,Banks - Regional,Financial Services,2026-08-24,79.47,71.25,-10.35,68.9,73.69,78.83,78.91,77.46,74.71,"atr14:7.8%, rsi14:5.7%, ema9:5.5%"
1349,IOSP,SP600,Innospec Inc.,Specialty Chemicals,Basic Materials,2026-08-24,94.73,84.9,-10.37,81.27,88.7,94.17,93.91,92.35,89.29,"rsi14:6.4%, atr14:6.1%, ema9:5.1%"
1350,RF,SP500,Regions Financial Corporation,Banks - Regional,Financial Services,2026-08-24,30.63,27.45,-10.38,26.52,28.47,30.01,29.91,29.53,28.62,"atr14:7.1%, rsi14:7.1%, ema9:6.0%"
1351,ESI,SP600,Element Solutions Inc,Specialty Chemicals,Basic Materials,2026-08-24,35.02,31.38,-10.39,29.76,33.01,34.71,34.04,33.68,33.17,"atr14:9.4%, rsi14:7.4%, ema9:4.9%"
1352,MTX,SP600,Minerals Technologies Inc.,Specialty Chemicals,Basic Materials,2026-08-24,71.93,64.44,-10.41,62.27,66.55,70.2,69.47,68.53,66.82,"atr14:8.9%, rsi14:6.8%, ema9:5.6%"
1353,RNST,SP600,Renasant Corporation,Banks - Regional,Financial Services,2026-08-24,41.42,37.1,-10.42,35.84,38.36,40.88,40.83,40.0,38.88,"atr14:7.0%, rsi14:6.4%, ema9:5.8%"
1354,ASB,SP400,Associated Banc-Corp,Banks - Regional,Financial Services,2026-08-24,30.9,27.68,-10.43,26.85,28.57,30.69,30.61,30.18,29.11,"atr14:7.2%, rsi14:6.2%, ema9:5.6%"
1355,VECO,SP600,Veeco Instruments Inc.,Semiconductor Equipment & Materials,Technology,2026-08-24,46.76,41.88,-10.43,38.61,45.23,47.56,45.83,43.74,42.25,"atr14:8.4%, rsi14:7.8%, vol:4.4%"
1356,HOPE,SP600,"Hope Bancorp, Inc.",Banks - Regional,Financial Services,2026-08-24,13.95,12.49,-10.43,12.06,12.95,13.82,13.86,13.51,13.13,"rsi14:6.8%, atr14:6.0%, ema9:5.9%"
1357,COLB,SP400,"Columbia Banking System, Inc.",Banks - Regional,Financial Services,2026-08-24,30.64,27.44,-10.43,26.51,28.4,30.23,30.35,29.52,28.71,"rsi14:6.9%, atr14:6.4%, ema9:5.8%"
1358,BFH,SP600,"Bread Financial Holdings, Inc.",Credit Services,Financial Services,2026-08-24,105.19,94.2,-10.44,88.76,99.81,105.26,105.22,102.99,99.51,"atr14:7.7%, rsi14:7.7%, ema9:4.2%"
1359,WSBC,SP600,"WesBanco, Inc.",Banks - Regional,Financial Services,2026-08-24,40.73,36.47,-10.45,35.32,37.67,40.41,40.41,39.71,38.23,"atr14:7.6%, rsi14:6.3%, ema9:5.4%"
1360,AUB,SP600,Atlantic Union Bankshares Corporation,Banks - Regional,Financial Services,2026-08-24,40.92,36.63,-10.47,35.43,37.86,40.53,40.6,39.86,38.44,"atr14:6.8%, rsi14:6.5%, ema9:5.8%"
1361,LFST,SP600,"LifeStance Health Group, Inc.",Medical Care Facilities,Healthcare,2026-08-24,12.16,10.89,-10.48,10.24,11.54,12.39,12.19,11.67,11.33,"rsi14:7.5%, atr14:5.5%, vol:4.2%"
1362,RHP,SP600,"Ryman Hospitality Properties, Inc.",REIT - Hotel & Motel,Real Estate,2026-08-24,131.13,117.39,-10.48,111.96,122.93,130.58,129.37,127.49,122.8,"atr14:8.0%, rsi14:6.2%, ema9:5.5%"
1363,NTCT,SP600,"NetScout Systems, Inc.",Software - Infrastructure,Technology,2026-08-24,37.81,33.85,-10.48,32.33,35.35,37.41,37.07,36.43,35.08,"atr14:8.7%, rsi14:6.6%, ema9:5.6%"
1364,ENS,SP400,EnerSys,Electrical Equipment & Parts,Industrials,2026-08-24,187.49,167.82,-10.49,159.76,175.77,185.39,183.43,182.2,176.44,"atr14:10.0%, rsi14:7.1%, ema9:5.3%"
1365,HIG,SP500,"The Hartford Insurance Group, Inc.",Insurance - Diversified,Financial Services,2026-08-24,138.98,124.39,-10.5,119.74,129.19,139.23,138.89,137.4,131.0,"atr14:8.0%, rsi14:5.8%, ema9:5.6%"
1366,TDS,SP600,"Telephone and Data Systems, Inc.",Telecom Services,Communication Services,2026-08-24,33.09,29.62,-10.5,28.28,30.95,32.5,32.22,31.84,31.03,"atr14:7.6%, rsi14:6.8%, ema9:5.5%"
1367,ECPG,SP600,"Encore Capital Group, Inc.",Credit Services,Financial Services,2026-08-24,103.16,92.33,-10.5,86.83,97.91,103.39,103.24,102.12,98.29,"atr14:9.2%, rsi14:6.8%, ema9:5.6%"
1368,MDU,SP600,"MDU Resources Group, Inc.",Utilities - Regulated Gas,Utilities,2026-08-24,19.96,17.86,-10.51,17.32,18.37,20.03,19.88,19.49,18.92,"atr14:8.7%, rsi14:5.6%, ema9:5.4%"
1369,AROC,SP600,"Archrock, Inc.",Oil & Gas Equipment & Services,Energy,2026-08-24,30.7,27.47,-10.52,25.84,29.14,30.15,29.64,29.32,28.44,"atr14:10.0%, rsi14:6.8%, ema9:5.5%"
1370,PRLB,SP600,"Proto Labs, Inc.",Metal Fabrication,Industrials,2026-08-24,76.78,68.7,-10.53,65.44,71.96,77.16,75.76,72.54,70.49,"rsi14:7.9%, atr14:6.0%, ema9:4.4%"
1371,CNO,SP400,"CNO Financial Group, Inc.",Insurance - Life,Financial Services,2026-08-24,54.24,48.53,-10.53,46.68,50.52,54.27,54.03,53.67,51.47,"atr14:7.4%, rsi14:6.2%, ema9:5.6%"
1372,TFC,SP500,Truist Financial Corporation,Banks - Regional,Financial Services,2026-08-24,50.81,45.46,-10.54,44.2,46.85,49.66,49.32,48.77,47.42,"rsi14:7.0%, atr14:6.9%, ema9:6.0%"
1373,EMN,SP600,Eastman Chemical Company,Specialty Chemicals,Basic Materials,2026-08-24,72.69,65.03,-10.54,62.75,67.28,70.83,70.41,70.06,67.66,"atr14:8.5%, rsi14:7.1%, ema9:5.2%"
1374,AR,SP400,Antero Resources Corporation,Oil & Gas E&P,Energy,2026-08-24,37.9,33.91,-10.54,31.65,36.18,36.8,36.22,35.96,34.83,"atr14:7.3%, rsi14:7.2%, ema9:4.9%"
1375,CARG,SP600,"CarGurus, Inc.",Auto & Truck Dealerships,Consumer Cyclical,2026-08-24,37.21,33.29,-10.54,31.05,35.51,37.75,37.22,35.64,34.81,"atr14:7.2%, rsi14:7.1%, ema9:4.6%"
1376,FUL,SP600,H.B. Fuller Company,Specialty Chemicals,Basic Materials,2026-08-24,57.99,51.86,-10.58,49.98,53.68,57.09,56.45,55.95,54.07,"atr14:9.9%, rsi14:6.7%, ema9:4.9%"
1377,SHO,SP600,"Sunstone Hotel Investors, Inc.",REIT - Hotel & Motel,Real Estate,2026-08-24,11.31,10.11,-10.58,9.71,10.52,11.3,11.25,10.91,10.62,"rsi14:6.9%, ema9:5.5%, atr14:5.5%"
1378,SCSC,SP600,"ScanSource, Inc.",Electronics & Computer Distribution,Technology,2026-08-24,54.13,48.4,-10.58,46.32,50.47,53.98,53.19,52.27,50.7,"atr14:8.5%, rsi14:7.3%, ema9:5.4%"
1379,KEY,SP500,KeyCorp,Banks - Regional,Financial Services,2026-08-24,21.87,19.56,-10.58,18.92,20.24,21.58,21.47,21.2,20.46,"atr14:6.4%, rsi14:6.0%, ema9:5.6%"
1380,SFNC,SP600,Simmons First National Corporation,Banks - Regional,Financial Services,2026-08-24,22.97,20.54,-10.59,19.92,21.18,22.77,22.91,22.31,21.61,"atr14:6.3%, rsi14:6.3%, ema9:5.4%"
1381,UNM,SP400,Unum Group,Insurance - Life,Financial Services,2026-08-24,89.49,80.01,-10.59,77.45,82.8,88.5,87.72,86.98,84.38,"atr14:7.7%, rsi14:6.4%, ema9:5.8%"
1382,NFG,SP400,National Fuel Gas Company,Oil & Gas Integrated,Energy,2026-08-24,82.46,73.72,-10.6,70.71,76.73,82.65,81.47,80.58,78.16,"atr14:8.7%, rsi14:5.6%, ema9:5.0%"
1383,VLY,SP400,Valley National Bancorp,Banks - Regional,Financial Services,2026-08-24,14.1,12.61,-10.6,12.17,13.03,14.02,14.06,13.9,13.34,"rsi14:8.1%, atr14:6.0%, ema9:4.6%"
1384,TCBI,SP400,"Texas Capital Bancshares, Inc.",Banks - Regional,Financial Services,2026-08-24,98.0,87.61,-10.61,84.62,90.7,96.12,95.89,94.61,91.46,"atr14:7.0%, rsi14:6.5%, ema9:6.0%"
1385,CHRD,SP400,Chord Energy Corporation,Oil & Gas E&P,Energy,2026-08-24,144.67,129.32,-10.61,120.87,137.69,135.54,132.68,130.0,129.19,"atr14:9.6%, rsi14:7.4%, ema9:4.0%"
1386,GEO,SP600,"The GEO Group, Inc.",Security & Protection Services,Industrials,2026-08-24,32.18,28.76,-10.62,27.62,29.82,31.91,31.61,30.9,29.98,"atr14:8.1%, rsi14:7.3%, ema9:5.6%"
1387,PRU,SP500,"Prudential Financial, Inc.",Insurance - Life,Financial Services,2026-08-24,122.67,109.64,-10.62,106.3,113.28,121.59,121.31,119.43,114.52,"atr14:7.0%, rsi14:6.6%, ema9:5.7%"
1388,HST,SP500,"Host Hotels & Resorts, Inc.",REIT - Hotel & Motel,Real Estate,2026-08-24,23.19,20.72,-10.64,19.99,21.47,22.98,22.83,22.45,21.85,"rsi14:6.8%, atr14:6.0%, ema9:5.9%"
1389,AGO,SP600,Assured Guaranty Ltd.,Insurance - Specialty,Financial Services,2026-08-24,74.19,66.29,-10.65,63.08,69.57,74.21,74.22,73.16,69.89,"atr14:7.9%, rsi14:5.8%, ema9:5.4%"
1390,PFG,SP500,"Principal Financial Group, Inc.",Asset Management,Financial Services,2026-08-24,111.89,99.97,-10.65,96.89,103.39,111.41,110.89,109.93,105.04,"rsi14:7.1%, atr14:6.5%, ema9:6.0%"
1391,SSB,SP400,SouthState Bank Corporation,Banks - Regional,Financial Services,2026-08-24,106.91,95.52,-10.65,92.64,98.55,105.53,105.62,103.47,100.36,"atr14:6.9%, rsi14:6.3%, ema9:5.6%"
1392,GL,SP500,Globe Life Inc.,Insurance - Life,Financial Services,2026-08-24,173.13,154.67,-10.66,151.1,158.73,172.18,171.67,170.57,163.36,"atr14:7.5%, rsi14:7.0%, ema9:5.8%"
1393,BAC,SP500,Bank of America Corporation,Banks - Diversified,Financial Services,2026-08-24,62.33,55.68,-10.67,54.03,57.55,61.62,61.42,60.64,58.33,"rsi14:7.3%, atr14:6.8%, ema9:5.8%"
1394,CALX,SP600,"Calix, Inc.",Software - Infrastructure,Technology,2026-08-24,39.8,35.55,-10.68,33.11,38.02,38.84,37.92,36.85,36.25,"atr14:7.4%, rsi14:7.1%, ema9:4.7%"
1395,CUBI,SP600,"Customers Bancorp, Inc.",Banks - Regional,Financial Services,2026-08-24,78.99,70.55,-10.68,67.53,73.61,77.28,76.14,75.55,73.45,"atr14:7.7%, rsi14:6.6%, ema9:5.8%"
1396,AVNT,SP400,Avient Corporation,Specialty Chemicals,Basic Materials,2026-08-24,44.42,39.67,-10.69,38.01,41.34,43.74,43.29,42.51,40.99,"atr14:8.8%, rsi14:7.1%, ema9:5.2%"
1397,SKYW,SP600,"SkyWest, Inc.",Airlines,Industrials,2026-08-24,101.68,90.81,-10.69,85.54,96.09,102.15,101.26,98.95,95.25,"atr14:8.4%, rsi14:6.8%, ema9:5.4%"
1398,LQDA,SP600,Liquidia Corporation,Drug Manufacturers - Specialty & Generic,Healthcare,2026-08-24,70.27,62.74,-10.72,56.27,69.42,72.93,69.2,65.53,65.47,"atr14:9.2%, rsi14:7.9%, macd:4.3%"
1399,TEX,SP400,Terex Corporation,Farm & Heavy Construction Machinery,Industrials,2026-08-24,65.88,58.8,-10.74,55.47,62.19,64.97,63.58,61.87,60.16,"atr14:9.2%, rsi14:7.7%, ema9:4.2%"
1400,FCX,SP500,Freeport-McMoRan Inc.,Copper,Basic Materials,2026-08-24,77.8,69.44,-10.74,65.28,73.78,75.69,74.16,72.94,70.74,"atr14:10.1%, rsi14:7.3%, ema9:4.9%"
1401,PIPR,SP600,Piper Sandler Companies,Capital Markets,Financial Services,2026-08-24,74.8,66.69,-10.84,63.65,69.66,73.39,72.43,71.5,69.56,"atr14:8.8%, rsi14:6.8%, ema9:5.5%"
1402,DRH,SP600,DiamondRock Hospitality Company,REIT - Hotel & Motel,Real Estate,2026-08-24,12.74,11.36,-10.85,10.86,11.86,12.76,12.67,12.4,12.05,"rsi14:6.5%, atr14:5.9%, ema9:5.7%"
1403,PTEN,SP600,"Patterson-UTI Energy, Inc.",Oil & Gas Drilling,Energy,2026-08-24,11.86,10.57,-10.86,9.82,11.35,11.46,10.96,10.77,10.91,"rsi14:7.8%, atr14:7.0%, vol:4.9%"
1404,HBAN,SP500,Huntington Bancshares Incorporated,Banks - Regional,Financial Services,2026-08-24,17.04,15.19,-10.86,14.72,15.71,16.85,16.86,16.45,15.85,"rsi14:6.9%, atr14:6.6%, ema9:6.0%"
1405,ENPH,SP600,"Enphase Energy, Inc.",Solar,Technology,2026-08-24,37.18,33.14,-10.87,30.03,36.29,38.1,36.27,35.29,34.68,"rsi14:8.0%, atr14:6.9%, close:6.2%"
1406,BEN,SP500,Franklin Templeton Inc.,Asset Management,Financial Services,2026-08-24,34.62,30.85,-10.88,29.79,31.83,34.11,33.9,33.37,32.26,"atr14:7.7%, rsi14:7.4%, ema9:5.6%"
1407,SBCF,SP600,Seacoast Banking Corporation of Florida,Banks - Regional,Financial Services,2026-08-24,34.34,30.6,-10.9,29.39,31.86,33.93,33.96,33.45,32.27,"rsi14:7.4%, atr14:5.9%, ema9:4.3%"
1408,BKH,SP400,Black Hills Corporation,Utilities - Regulated Gas,Utilities,2026-08-24,72.03,64.17,-10.91,62.37,65.81,73.2,72.07,70.46,69.0,"atr14:6.6%, rsi14:6.0%, ema9:5.8%"
1409,CC,SP600,The Chemours Company,Specialty Chemicals,Basic Materials,2026-08-24,15.39,13.71,-10.91,12.61,14.83,15.22,15.12,14.86,14.55,"atr14:8.2%, rsi14:7.8%, close:4.8%"
1410,ZION,SP400,"Zions Bancorporation, National Association",Banks - Regional,Financial Services,2026-08-24,67.87,60.46,-10.92,58.6,62.47,67.01,67.03,65.67,63.4,"rsi14:6.9%, atr14:6.3%, ema9:6.0%"
1411,KGS,SP600,"Kodiak Gas Services, Inc.",Oil & Gas Equipment & Services,Energy,2026-08-24,59.18,52.7,-10.95,50.26,55.15,57.53,56.91,56.11,54.8,"atr14:9.7%, rsi14:5.9%, ema9:5.3%"
1412,XPEL,SP600,"XPEL, Inc.",Auto Parts,Consumer Cyclical,2026-08-24,50.58,45.02,-10.99,42.45,47.59,50.54,49.39,47.45,46.07,"rsi14:7.8%, atr14:6.8%, vol:4.2%"
1413,ACAD,SP600,ACADIA Pharmaceuticals Inc.,Biotechnology,Healthcare,2026-08-24,29.65,26.39,-11.0,24.8,28.0,29.44,29.49,28.56,27.16,"rsi14:7.7%, atr14:6.0%, ema9:4.6%"
1414,LGIH,SP600,"LGI Homes, Inc.",Residential Construction,Consumer Cyclical,2026-08-24,58.25,51.84,-11.0,47.99,55.61,58.96,58.8,58.3,54.69,"rsi14:7.5%, atr14:7.1%, vol:4.2%"
1415,KMT,SP600,Kennametal Inc.,Tools & Accessories,Industrials,2026-08-24,29.3,26.07,-11.01,25.03,27.09,28.31,28.11,27.66,26.91,"atr14:9.2%, rsi14:7.4%, ema9:4.9%"
1416,SMP,SP600,"Standard Motor Products, Inc.",Auto Parts,Consumer Cyclical,2026-08-24,37.52,33.39,-11.02,31.42,35.33,37.31,36.93,36.48,35.09,"atr14:7.8%, rsi14:6.6%, ema9:5.6%"
1417,PEB,SP600,Pebblebrook Hotel Trust,REIT - Hotel & Motel,Real Estate,2026-08-24,18.32,16.3,-11.03,15.55,17.03,18.26,18.03,17.52,17.07,"rsi14:8.1%, atr14:5.7%, vol:4.1%"
1418,KMI,SP500,"Kinder Morgan, Inc.",Oil & Gas Midstream,Energy,2026-08-24,31.0,27.58,-11.04,26.47,28.71,30.38,30.0,29.6,29.02,"atr14:8.7%, rsi14:6.4%, ema9:5.8%"
1419,CPF,SP600,Central Pacific Financial Corp.,Banks - Regional,Financial Services,2026-08-24,37.75,33.58,-11.06,32.3,34.95,37.39,37.49,36.85,35.32,"rsi14:7.3%, atr14:6.0%, ema20:4.9%"
1420,ALGN,SP500,"Align Technology, Inc.",Medical Instruments & Supplies,Healthcare,2026-08-24,159.64,141.98,-11.06,135.28,148.72,158.31,156.57,152.05,146.06,"rsi14:7.2%, atr14:6.6%, vol:4.0%"
1421,SKY,SP600,"Champion Homes, Inc.",Residential Construction,Consumer Cyclical,2026-08-24,91.53,81.39,-11.08,76.12,86.52,91.41,89.77,88.03,85.4,"atr14:9.3%, rsi14:6.8%, ema9:5.3%"
1422,CYTK,SP400,"Cytokinetics, Incorporated",Biotechnology,Healthcare,2026-08-24,77.09,68.54,-11.09,64.1,73.01,77.26,77.63,74.67,71.65,"rsi14:7.0%, atr14:6.9%, ema9:5.8%"
1423,TILE,SP600,"Interface, Inc.","Furnishings, Fixtures & Appliances",Consumer Cyclical,2026-08-24,38.27,34.02,-11.1,32.41,35.62,38.03,37.79,37.35,36.47,"atr14:9.4%, rsi14:7.2%, ema9:5.4%"
1424,BANR,SP600,Banner Corporation,Banks - Regional,Financial Services,2026-08-24,70.82,62.94,-11.12,60.57,65.42,70.57,70.65,68.96,66.29,"rsi14:6.7%, atr14:5.8%, high:4.4%"
1425,BLDR,SP500,"Builders FirstSource, Inc.",Building Products & Equipment,Industrials,2026-08-24,70.22,62.41,-11.12,58.47,66.34,70.32,68.65,67.9,65.38,"atr14:7.8%, rsi14:7.3%, vol:4.3%"
1426,TTD,SP500,"The Trade Desk, Inc.",Advertising Agencies,Communication Services,2026-08-24,13.27,11.79,-11.13,11.0,12.59,13.13,12.55,11.95,12.13,"rsi14:7.7%, atr14:6.0%, vol:4.8%"
1427,FSLR,SP500,"First Solar, Inc.",Solar,Technology,2026-08-24,208.31,185.07,-11.16,171.41,199.33,207.76,202.63,199.56,193.89,"atr14:8.5%, rsi14:7.8%, vol:4.2%"
1428,C,SP500,Citigroup Inc.,Banks - Diversified,Financial Services,2026-08-24,131.72,117.0,-11.18,111.84,122.21,131.21,130.58,128.76,122.76,"rsi14:7.8%, atr14:6.3%, ema9:4.8%"
1429,PRDO,SP600,Perdoceo Education Corporation,Education & Training Services,Consumer Defensive,2026-08-24,33.01,29.31,-11.2,27.53,31.14,32.19,32.03,31.62,30.55,"atr14:9.5%, rsi14:6.7%, ema9:5.5%"
1430,OLED,SP400,Universal Display Corporation,Electronic Components,Technology,2026-08-24,84.71,75.22,-11.2,70.89,79.51,83.69,82.09,79.54,77.06,"rsi14:7.3%, atr14:6.9%, ema9:4.1%"
1431,OPCH,SP400,"Option Care Health, Inc.",Medical Care Facilities,Healthcare,2026-08-24,23.67,21.01,-11.26,19.36,22.74,23.84,23.95,23.9,22.61,"rsi14:7.8%, atr14:6.6%, vol:4.4%"
1432,MUR,SP400,Murphy Oil Corporation,Oil & Gas E&P,Energy,2026-08-24,36.0,31.92,-11.33,30.06,33.79,34.2,33.11,32.62,32.4,"rsi14:7.9%, atr14:7.5%, ema9:4.1%"
1433,SRPT,SP600,"Sarepta Therapeutics, Inc.",Biotechnology,Healthcare,2026-08-24,18.13,16.07,-11.36,14.77,17.38,18.02,17.86,17.56,17.07,"rsi14:7.6%, close:6.8%, atr14:6.3%"
1434,CLF,SP400,Cleveland-Cliffs Inc.,Steel,Basic Materials,2026-08-24,11.3,10.01,-11.39,8.89,11.21,10.78,10.46,10.1,10.02,"rsi14:8.0%, atr14:6.1%, close:6.1%"
1435,AIG,SP500,"American International Group, Inc.",Insurance - Diversified,Financial Services,2026-08-24,77.38,68.54,-11.42,65.35,71.83,77.26,76.42,74.58,71.87,"rsi14:7.6%, atr14:6.0%, ema20:4.9%"
1436,MTRN,SP600,Materion Corporation,Other Industrial Metals & Mining,Basic Materials,2026-08-24,229.84,203.54,-11.44,193.6,213.29,228.52,225.43,220.22,212.13,"atr14:8.3%, rsi14:7.3%, ema9:5.2%"
1437,ANIP,SP600,"ANI Pharmaceuticals, Inc.",Drug Manufacturers - Specialty & Generic,Healthcare,2026-08-24,74.17,65.67,-11.46,60.97,70.48,74.54,74.08,72.24,68.51,"rsi14:7.0%, atr14:5.7%, ema9:4.2%"
1438,RDN,SP600,Radian Group Inc.,Insurance - Specialty,Financial Services,2026-08-24,36.71,32.49,-11.5,30.77,34.27,36.69,36.5,35.9,34.02,"rsi14:6.5%, atr14:6.1%, ema9:5.4%"
1439,WKC,SP600,World Kinect Corporation,Oil & Gas Refining & Marketing,Energy,2026-08-24,35.62,31.52,-11.5,30.04,32.97,35.48,35.05,34.12,33.07,"rsi14:7.6%, atr14:6.0%, ema9:5.1%"
1440,ADNT,SP600,Adient plc,Auto Parts,Consumer Cyclical,2026-08-24,18.98,16.78,-11.62,15.65,17.9,18.39,18.06,17.61,17.03,"rsi14:7.8%, atr14:6.1%, vol:4.0%"
1441,MRNA,SP500,"Moderna, Inc.",Biotechnology,Healthcare,2026-08-24,138.89,122.65,-11.7,110.3,135.28,145.14,141.55,135.83,128.61,"rsi14:7.9%, close:6.7%, atr14:6.6%"
1442,HL,SP400,Hecla Mining Company,Other Precious Metals & Mining,Basic Materials,2026-08-24,20.4,18.0,-11.76,16.53,19.49,19.33,18.58,18.41,17.95,"atr14:7.8%, rsi14:7.5%, vol:4.9%"
1443,LNC,SP600,Lincoln National Corporation,Insurance - Life,Financial Services,2026-08-24,42.38,37.38,-11.8,35.76,38.98,41.95,41.86,41.08,39.6,"rsi14:8.0%, atr14:6.4%, ema9:4.4%"
1444,OKE,SP500,"ONEOK, Inc.",Oil & Gas Midstream,Energy,2026-08-24,93.02,82.05,-11.8,78.02,86.08,90.94,89.25,87.7,86.2,"atr14:8.2%, rsi14:7.2%, ema9:5.6%"
1445,SEI,SP600,"Solaris Energy Infrastructure, Inc.",Oil & Gas Equipment & Services,Energy,2026-08-24,53.53,47.18,-11.87,44.22,50.09,50.2,49.34,48.7,48.38,"atr14:9.7%, rsi14:7.5%, vol:4.6%"
1446,SLVM,SP600,Sylvamo Corporation,Paper & Paper Products,Basic Materials,2026-08-24,36.91,32.52,-11.89,30.7,34.36,35.96,35.44,34.85,33.71,"rsi14:7.7%, atr14:6.8%, vol:4.2%"
1447,ADMA,SP600,"ADMA Biologics, Inc.",Biotechnology,Healthcare,2026-08-24,9.55,8.41,-11.93,7.76,9.07,9.63,9.54,9.23,8.78,"rsi14:7.4%, atr14:6.3%, ema9:3.9%"
1448,GNW,SP600,"Genworth Financial, Inc.",Insurance - Life,Financial Services,2026-08-24,9.89,8.7,-11.98,8.18,9.23,9.91,9.86,9.55,9.17,"rsi14:7.8%, atr14:5.5%, ema9:4.6%"
1449,FLR,SP400,Fluor Corporation,Engineering & Construction,Industrials,2026-08-24,51.28,45.03,-12.18,42.55,47.51,50.03,48.65,47.25,46.77,"rsi14:8.0%, atr14:7.5%, vol:4.3%"
1450,LBRT,SP600,Liberty Energy Inc.,Oil & Gas Equipment & Services,Energy,2026-08-24,18.48,16.23,-12.19,14.81,17.66,17.37,16.65,16.14,16.4,"atr14:8.9%, rsi14:7.6%, vol:4.2%"
1451,GBX,SP600,"The Greenbrier Companies, Inc.",Railroads,Industrials,2026-08-24,46.08,40.45,-12.21,37.99,42.88,45.22,44.99,44.09,41.96,"atr14:7.7%, rsi14:6.7%, ema9:5.5%"
1452,RUN,SP600,Sunrun Inc.,Solar,Technology,2026-08-24,8.92,7.83,-12.24,7.13,8.55,9.22,8.66,8.3,8.04,"rsi14:7.9%, atr14:6.4%, close:6.1%"
1453,FBP,SP600,First BanCorp.,Banks - Regional,Financial Services,2026-08-24,28.23,24.73,-12.39,23.52,26.0,28.21,28.09,27.66,26.24,"rsi14:7.6%, atr14:5.5%, vol:4.2%"
1454,CDE,SP400,"Coeur Mining, Inc.",Gold,Basic Materials,2026-08-24,20.88,18.25,-12.59,16.44,20.13,20.4,20.31,20.22,19.41,"rsi14:7.8%, atr14:7.0%, close:5.7%"
1455,EXE,SP500,Expand Energy Corporation,Oil & Gas E&P,Energy,2026-08-24,96.33,83.87,-12.94,78.75,88.93,95.27,94.53,93.83,89.48,"atr14:7.8%, rsi14:6.3%, ema9:5.2%"
1456,MTG,SP400,MGIC Investment Corporation,Insurance - Specialty,Financial Services,2026-08-24,31.1,27.05,-13.03,25.44,28.67,31.21,31.05,30.45,28.71,"rsi14:7.0%, atr14:5.8%, ema9:4.7%"
1457,DNOW,SP600,DNOW Inc.,Industrial Distribution,Industrials,2026-08-24,15.47,13.42,-13.25,12.63,14.23,15.0,14.6,14.35,14.16,"rsi14:7.9%, atr14:5.8%, vol:4.6%"
1458,EQT,SP500,EQT Corporation,Oil & Gas E&P,Energy,2026-08-24,53.79,46.63,-13.31,43.85,49.37,53.14,51.91,51.24,49.74,"atr14:6.7%, rsi14:6.7%, ema9:5.6%"
1459,DAVE,SP600,Dave Inc.,Software - Application,Technology,2026-08-24,354.79,307.42,-13.35,271.03,342.56,339.06,322.02,312.88,314.21,"rsi14:8.2%, atr14:8.0%, macd:4.2%"
1460,MTUS,SP600,Metallus Inc.,Steel,Basic Materials,2026-08-24,18.73,16.16,-13.72,14.98,17.37,18.14,17.62,17.05,16.8,"rsi14:8.3%, atr14:6.2%, vol:4.2%"
1461,LEU,SP600,Centrus Energy Corp.,Uranium,Energy,2026-08-24,177.14,152.73,-13.78,140.64,164.48,170.35,167.14,161.07,156.28,"rsi14:7.8%, atr14:5.5%, macd:5.0%"
1462,CNX,SP400,CNX Resources Corporation,Oil & Gas E&P,Energy,2026-08-24,36.48,31.43,-13.85,29.42,33.43,36.02,35.5,34.86,33.5,"rsi14:7.1%, atr14:5.9%, ema9:4.7%"
1463,RES,SP600,"RPC, Inc.",Oil & Gas Equipment & Services,Energy,2026-08-24,6.2,5.34,-13.88,5.0,5.67,5.99,5.74,5.66,5.54,"rsi14:7.4%, atr14:6.4%, close:4.6%"
1464,KOP,SP600,Koppers Holdings Inc.,Specialty Chemicals,Basic Materials,2026-08-24,45.83,39.42,-13.98,37.16,41.67,44.96,44.54,44.02,41.76,"atr14:8.5%, rsi14:7.2%, ema9:5.5%"
1465,KNTK,SP600,Kinetik Holdings Inc.,Oil & Gas Midstream,Energy,2026-08-24,54.7,46.67,-14.69,43.51,49.69,51.84,50.71,50.32,48.99,"rsi14:7.7%, atr14:6.4%, ema9:5.2%"
1466,RRC,SP400,Range Resources Corporation,Oil & Gas E&P,Energy,2026-08-24,41.25,35.0,-15.14,32.51,37.46,40.53,39.1,38.92,37.34,"rsi14:7.3%, atr14:6.1%, ema9:4.6%"
1467,BTU,SP600,Peabody Energy Corporation,Thermal Coal,Energy,2026-08-24,27.9,23.64,-15.26,21.53,25.62,26.4,25.61,25.09,24.41,"atr14:7.9%, rsi14:6.9%, ema9:4.4%"
1468,PBF,SP400,PBF Energy Inc.,Oil & Gas Refining & Marketing,Energy,2026-08-24,69.51,58.75,-15.48,53.42,63.59,65.22,62.05,60.75,59.85,"atr14:9.0%, rsi14:7.5%, ema9:4.5%"
1469,HLX,SP600,"Helix Energy Solutions Group, Inc.",Oil & Gas Equipment & Services,Energy,2026-08-24,9.97,8.41,-15.65,7.69,9.08,9.78,9.42,9.14,8.83,"rsi14:7.7%, atr14:5.5%, vol:4.1%"
1470,PR,SP400,Permian Resources Corporation,Oil & Gas E&P,Energy,2026-08-24,23.69,19.62,-17.16,17.93,21.18,22.41,21.89,21.57,20.74,"atr14:8.3%, rsi14:6.4%, ema9:5.7%"
1471,CRK,SP600,"Comstock Resources, Inc.",Oil & Gas E&P,Energy,2026-08-24,14.28,11.41,-20.11,10.23,12.46,14.16,13.44,12.77,11.84,"rsi14:7.6%, close:6.3%, atr14:5.9%"
